"","SIG_CD","SIG_ENG_NM","SIG_KOR_NM","연도","시도","행정구역","코드","학제","date.x","성별","학생수","인구수_2년전_4세","인구수_1년전_5세","4세대비5세변동치","5세대비1학년변동치","4세대비1학년변동치","4세대비5세변동률","5세대비1학년변동률","4세대비1학년변동률"
"1","11110","Jongno-gu","종로구","2021","서울","종로구","1111000000","초등학교","44287","전체",799,865,841,-24,-42,-66,-0.027745665,-0.049940547,-0.076300578
"2","11140","Jung-gu","중구","2021","서울","중구","1114000000","초등학교","44287","전체",786,777,733,-44,53,9,-0.056628057,0.072305593,0.011583012
"3","11170","Yongsan-gu","용산구","2021","서울","용산구","1117000000","초등학교","44287","전체",1107,1494,1443,-51,-336,-387,-0.034136546,-0.232848233,-0.259036145
"4","11200","Seongdong-gu","성동구","2021","서울","성동구","1120000000","초등학교","44287","전체",1866,2477,2333,-144,-467,-611,-0.058134841,-0.200171453,-0.246669358
"5","11215","Gwangjin-gu","광진구","2021","서울","광진구","1121500000","초등학교","44287","전체",2146,2355,2233,-122,-87,-209,-0.051804671,-0.038961039,-0.088747346
"6","11230","Dongdaemun-gu","동대문구","2021","서울","동대문구","1123000000","초등학교","44287","전체",2147,2368,2321,-47,-174,-221,-0.019847973,-0.074967686,-0.093327703
"7","11260","Jungnang-gu","중랑구","2021","서울","중랑구","1126000000","초등학교","44287","전체",2185,2636,2467,-169,-282,-451,-0.064112291,-0.114308877,-0.171092564
"8","11290","Seongbuk-gu","성북구","2021","서울","성북구","1129000000","초등학교","44287","전체",3134,3176,3198,22,-64,-42,0.006926952,-0.020012508,-0.013224181
"9","11305","Gangbuk-gu","강북구","2021","서울","강북구","1130500000","초등학교","44287","전체",1389,1877,1778,-99,-389,-488,-0.05274374,-0.218785152,-0.259989345
"10","11320","Dobong-gu","도봉구","2021","서울","도봉구","1132000000","초등학교","44287","전체",2248,2297,2200,-97,48,-49,-0.042228994,0.021818182,-0.021332172
"11","11350","Nowon-gu","노원구","2021","서울","노원구","1135000000","초등학교","44287","전체",3743,3806,3770,-36,-27,-63,-0.009458749,-0.007161804,-0.016552811
"12","11380","Eunpyeong-gu","은평구","2021","서울","은평구","1138000000","초등학교","44287","전체",3041,3549,3398,-151,-357,-508,-0.042547196,-0.105061801,-0.143138912
"13","11410","Seodaemun-gu","서대문구","2021","서울","서대문구","1141000000","초등학교","44287","전체",2203,2248,2254,6,-51,-45,0.002669039,-0.022626442,-0.020017794
"14","11440","Mapo-gu","마포구","2021","서울","마포구","1144000000","초등학교","44287","전체",2272,2779,2707,-72,-435,-507,-0.0259086,-0.160694496,-0.182439727
"15","11470","Yangcheon-gu","양천구","2021","서울","양천구","1147000000","초등학교","44287","전체",3397,3370,3443,73,-46,27,0.021661721,-0.013360441,0.008011869
"16","11500","Gangseo-gu","강서구","2021","서울","강서구","1150000000","초등학교","44287","전체",4031,4738,4437,-301,-406,-707,-0.063528915,-0.091503268,-0.14921908
"17","11530","Guro-gu","구로구","2021","서울","구로구","1153000000","초등학교","44287","전체",2777,3166,3143,-23,-366,-389,-0.007264687,-0.116449252,-0.122867972
"18","11545","Geumcheon-gu","금천구","2021","서울","금천구","1154500000","초등학교","44287","전체",1308,1516,1409,-107,-101,-208,-0.070580475,-0.071682044,-0.137203166
"19","11560","Yeongdeungpo-gu","영등포구","2021","서울","영등포구","1156000000","초등학교","44287","전체",2427,2806,2691,-115,-264,-379,-0.040983607,-0.098104794,-0.135067712
"20","11590","Dongjak-gu","동작구","2021","서울","동작구","1159000000","초등학교","44287","전체",2523,3003,2871,-132,-348,-480,-0.043956044,-0.121212121,-0.15984016
"21","11620","Gwanak-gu","관악구","2021","서울","관악구","1162000000","초등학교","44287","전체",2158,2801,2608,-193,-450,-643,-0.068903963,-0.172546012,-0.229560871
"22","11650","Seocho-gu","서초구","2021","서울","서초구","1165000000","초등학교","44287","전체",3399,3623,3723,100,-324,-224,0.027601435,-0.087026591,-0.061827215
"23","11680","Gangnam-gu","강남구","2021","서울","강남구","1168000000","초등학교","44287","전체",3604,3784,3945,161,-341,-180,0.042547569,-0.08643853,-0.04756871
"24","11710","Songpa-gu","송파구","2021","서울","송파구","1171000000","초등학교","44287","전체",4988,5682,5576,-106,-588,-694,-0.018655403,-0.105451937,-0.122140092
"25","11740","Gangdong-gu","강동구","2021","서울","강동구","1174000000","초등학교","44287","전체",3752,3280,3831,551,-79,472,0.167987805,-0.020621248,0.143902439
"26","26110","Jung-gu","중구","2021","부산","중구","2611000000","초등학교","44287","전체",217,189,175,-14,42,28,-0.074074074,0.24,0.148148148
"27","26140","Seo-gu","서구","2021","부산","서구","2614000000","초등학교","44287","전체",606,598,607,9,-1,8,0.015050167,-0.001647446,0.013377926
"28","26170","Dong-gu","동구","2021","부산","동구","2617000000","초등학교","44287","전체",387,433,453,20,-66,-46,0.046189376,-0.145695364,-0.106235566
"29","26200","Yeongdo-gu","영도구","2021","부산","영도구","2620000000","초등학교","44287","전체",533,583,570,-13,-37,-50,-0.022298456,-0.064912281,-0.085763293
"30","26230","Busanjin-gu","부산진구","2021","부산","부산진구","2623000000","초등학교","44287","전체",2573,2428,2389,-39,184,145,-0.016062603,0.077019674,0.059719934
"31","26260","Dongnae-gu","동래구","2021","부산","동래구","2626000000","초등학교","44287","전체",2086,2044,2269,225,-183,42,0.110078278,-0.08065227,0.020547945
"32","26290","Nam-gu","남구","2021","부산","남구","2629000000","초등학교","44287","전체",1927,2117,2087,-30,-160,-190,-0.014170997,-0.076665069,-0.089749646
"33","26320","Buk-gu","북구","2021","부산","북구","2632000000","초등학교","44287","전체",2002,2217,2169,-48,-167,-215,-0.02165088,-0.076994006,-0.096977898
"34","26350","Haeundae-gu","해운대구","2021","부산","해운대구","2635000000","초등학교","44287","전체",3032,3167,3180,13,-148,-135,0.004104831,-0.046540881,-0.042627092
"35","26380","Saha-gu","사하구","2021","부산","사하구","2638000000","초등학교","44287","전체",2090,2389,2313,-76,-223,-299,-0.031812474,-0.096411587,-0.125156969
"36","26410","Geumjeong-gu","금정구","2021","부산","금정구","2641000000","초등학교","44287","전체",1528,1588,1574,-14,-46,-60,-0.008816121,-0.029224905,-0.037783375
"37","26440","Gangseo-gu","강서구","2021","부산","강서구","2644000000","초등학교","44287","전체",2197,2140,2188,48,9,57,0.022429907,0.004113346,0.026635514
"38","26470","Yeonje-gu","연제구","2021","부산","연제구","2647000000","초등학교","44287","전체",1556,1665,1662,-3,-106,-109,-0.001801802,-0.06377858,-0.065465465
"39","26500","Suyeong-gu","수영구","2021","부산","수영구","2650000000","초등학교","44287","전체",1017,1117,1153,36,-136,-100,0.032229185,-0.117953166,-0.089525515
"40","26530","Sasang-gu","사상구","2021","부산","사상구","2653000000","초등학교","44287","전체",1166,1519,1440,-79,-274,-353,-0.0520079,-0.190277778,-0.23238973
"41","26710","Gijang-gun","기장군","2021","부산","기장군","2671000000","초등학교","44287","전체",2256,2185,2217,32,39,71,0.014645309,0.01759134,0.032494279
"42","27110","Jung-gu","중구","2021","대구","중구","2711000000","초등학교","44287","전체",762,608,580,-28,182,154,-0.046052632,0.313793103,0.253289474
"43","27140","Dong-gu","동구","2021","대구","동구","2714000000","초등학교","44287","전체",2792,3085,2947,-138,-155,-293,-0.044732577,-0.05259586,-0.094975689
"44","27170","Seo-gu","서구","2021","대구","서구","2717000000","초등학교","44287","전체",804,900,844,-56,-40,-96,-0.062222222,-0.047393365,-0.106666667
"45","27200","Nam-gu","남구","2021","대구","남구","2720000000","초등학교","44287","전체",657,740,759,19,-102,-83,0.025675676,-0.134387352,-0.112162162
"46","27230","Buk-gu","북구","2021","대구","북구","2723000000","초등학교","44287","전체",3524,3795,3831,36,-307,-271,0.009486166,-0.080135735,-0.07140975
"47","27260","Suseong-gu","수성구","2021","대구","수성구","2726000000","초등학교","44287","전체",3367,3064,3285,221,82,303,0.072127937,0.024961948,0.098890339
"48","27290","Dalseo-gu","달서구","2021","대구","달서구","2729000000","초등학교","44287","전체",4623,4772,4772,0,-149,-149,0,-0.031223806,-0.031223806
"49","27710","Dalseong-gun","달성군","2021","대구","달성군","2771000000","초등학교","44287","전체",3089,3275,3244,-31,-155,-186,-0.009465649,-0.047780518,-0.056793893
"50","28110","Jung-gu","중구","2021","인천","중구","2811000000","초등학교","44287","전체",1426,1193,1290,97,136,233,0.081307628,0.105426357,0.195305951
"51","28140","Dong-gu","동구","2021","인천","동구","2814000000","초등학교","44287","전체",564,469,472,3,92,95,0.006396588,0.194915254,0.202558635
"52","28177","Michuhol-gu","미추홀구","2021","인천","미추홀구","2817700000","초등학교","44287","전체",2700,3288,3113,-175,-413,-588,-0.053223844,-0.132669451,-0.178832117
"53","28185","Yeonsu-gu","연수구","2021","인천","연수구","2818500000","초등학교","44287","전체",4278,3678,4021,343,257,600,0.093257205,0.063914449,0.163132137
"54","28200","Namdong-gu","남동구","2021","인천","남동구","2820000000","초등학교","44287","전체",4447,5051,4932,-119,-485,-604,-0.023559691,-0.098337388,-0.119580281
"55","28237","Bupyeong-gu","부평구","2021","인천","부평구","2823700000","초등학교","44287","전체",3663,4026,3818,-208,-155,-363,-0.051664183,-0.040597171,-0.090163934
"56","28245","Gyeyang-gu","계양구","2021","인천","계양구","2824500000","초등학교","44287","전체",2099,2208,2128,-80,-29,-109,-0.036231884,-0.01362782,-0.049365942
"57","28260","Seo-gu","서구","2021","인천","서구","2826000000","초등학교","44287","전체",5137,5720,5675,-45,-538,-583,-0.007867133,-0.094801762,-0.101923077
"58","28710","Ganghwa-gun","강화군","2021","인천","강화군","2871000000","초등학교","44287","전체",340,329,338,9,2,11,0.027355623,0.00591716,0.03343465
"59","28720","Ongjin-gun","옹진군","2021","인천","옹진군","2872000000","초등학교","44287","전체",76,103,92,-11,-16,-27,-0.106796117,-0.173913043,-0.262135922
"60","29110","Dong-gu","동구","2021","광주","동구","2911000000","초등학교","44287","전체",624,705,778,73,-154,-81,0.103546099,-0.197943445,-0.114893617
"61","29140","Seo-gu","서구","2021","광주","서구","2914000000","초등학교","44287","전체",2372,2396,2399,3,-27,-24,0.001252087,-0.011254689,-0.010016694
"62","29155","Nam-gu","남구","2021","광주","남구","2915500000","초등학교","44287","전체",2243,1919,2012,93,231,324,0.048462741,0.114811133,0.168837936
"63","29170","Buk-gu","북구","2021","광주","북구","2917000000","초등학교","44287","전체",3694,3739,3684,-55,10,-45,-0.014709815,0.002714441,-0.012035304
"64","29200","Gwangsan-gu","광산구","2021","광주","광산구","2920000000","초등학교","44287","전체",4412,4563,4599,36,-187,-151,0.007889546,-0.040661013,-0.033092264
"65","30110","Dong-gu","동구","2021","대전","동구","3011000000","초등학교","44287","전체",1659,1783,1717,-66,-58,-124,-0.037016265,-0.033779849,-0.069545709
"66","30140","Jung-gu","중구","2021","대전","중구","3014000000","초등학교","44287","전체",1654,1789,1715,-74,-61,-135,-0.04136389,-0.035568513,-0.075461151
"67","30170","Seo-gu","서구","2021","대전","서구","3017000000","초등학교","44287","전체",4014,4260,4309,49,-295,-246,0.011502347,-0.06846136,-0.057746479
"68","30200","Yuseong-gu","유성구","2021","대전","유성구","3020000000","초등학교","44287","전체",3774,4027,3970,-57,-196,-253,-0.014154457,-0.049370277,-0.062825925
"69","30230","Daedeok-gu","대덕구","2021","대전","대덕구","3023000000","초등학교","44287","전체",1211,1261,1202,-59,9,-50,-0.046788263,0.007487521,-0.039651071
"70","31110","Jung-gu","중구","2021","울산","중구","3111000000","초등학교","44287","전체",1858,1965,1912,-53,-54,-107,-0.02697201,-0.028242678,-0.054452926
"71","31140","Nam-gu","남구","2021","울산","남구","3114000000","초등학교","44287","전체",2587,2725,2708,-17,-121,-138,-0.006238532,-0.044682422,-0.050642202
"72","31170","Dong-gu","동구","2021","울산","동구","3117000000","초등학교","44287","전체",1769,1862,1793,-69,-24,-93,-0.037056928,-0.013385388,-0.049946294
"73","31200","Buk-gu","북구","2021","울산","북구","3120000000","초등학교","44287","전체",2733,2792,2867,75,-134,-59,0.026862464,-0.046738751,-0.021131805
"74","31710","Ulju-gun","울주군","2021","울산","울주군","3171000000","초등학교","44287","전체",2026,2012,2011,-1,15,14,-0.000497018,0.007458976,0.00695825
"75","36110","Sejong-si","세종특별자치시","2021","세종","세종시","3611000000","초등학교","44287","전체",5088,4639,5040,401,48,449,0.086441043,0.00952381,0.096788101
"76","36110","Sejong-si","세종특별자치시","2021","세종","세종시","3611000000","초등학교","44287","전체",5088,4639,5040,401,48,449,0.086441043,0.00952381,0.096788101
"77","36110","Sejong-si","세종특별자치시","2021","세종","세종시","3611000000","초등학교","44287","전체",5088,4639,5040,401,48,449,0.086441043,0.00952381,0.096788101
"78","36110","Sejong-si","세종특별자치시","2021","세종","세종시","3611000000","초등학교","44287","전체",5088,4639,5040,401,48,449,0.086441043,0.00952381,0.096788101
"79","41111","Jangan-gu, Suwon-si","수원시 장안구",NA,NA,NA,NA,NA,NA,NA,NA,NA,NA,NA,NA,NA,NA,NA,NA
"80","41113","Gwonseon-gu, Suwon-si","수원시 권선구",NA,NA,NA,NA,NA,NA,NA,NA,NA,NA,NA,NA,NA,NA,NA,NA
"81","41115","Paldal-gu, Suwon-si","수원시 팔달구",NA,NA,NA,NA,NA,NA,NA,NA,NA,NA,NA,NA,NA,NA,NA,NA
"82","41117","Yeongtong-gu, Suwon-si","수원시 영통구",NA,NA,NA,NA,NA,NA,NA,NA,NA,NA,NA,NA,NA,NA,NA,NA
"83","41131","Sujeong-gu, Seongnam-si","성남시 수정구",NA,NA,NA,NA,NA,NA,NA,NA,NA,NA,NA,NA,NA,NA,NA,NA
"84","41133","Jungwon-gu, Seongnam-si","성남시 중원구",NA,NA,NA,NA,NA,NA,NA,NA,NA,NA,NA,NA,NA,NA,NA,NA
"85","41135","Bundang-gu, Seongnam-si","성남시 분당구",NA,NA,NA,NA,NA,NA,NA,NA,NA,NA,NA,NA,NA,NA,NA,NA
"86","41150","Uijeongbu-si","의정부시","2021","경기","의정부시","4115000000","초등학교","44287","전체",3562,3746,3757,11,-195,-184,0.002936466,-0.051903114,-0.04911906
"87","41171","Manan-gu, Anyang-si","안양시만안구",NA,NA,NA,NA,NA,NA,NA,NA,NA,NA,NA,NA,NA,NA,NA,NA
"88","41173","Dongan-gu, Anyang-si","안양시동안구",NA,NA,NA,NA,NA,NA,NA,NA,NA,NA,NA,NA,NA,NA,NA,NA
"89","41190","Bucheon-si","부천시","2021","경기","부천시","4119000000","초등학교","44287","전체",6281,6812,6567,-245,-286,-531,-0.035965942,-0.043551089,-0.077950675
"90","41210","Gwangmyeong-si","광명시","2021","경기","광명시","4121000000","초등학교","44287","전체",2528,2787,2748,-39,-220,-259,-0.013993541,-0.080058224,-0.092931468
"91","41220","Pyeongtaek-si","평택시","2021","경기","평택시","4122000000","초등학교","44287","전체",5362,4974,5189,215,173,388,0.043224769,0.033339757,0.078005629
"92","41250","Dongducheon-si","동두천시","2021","경기","동두천시","4125000000","초등학교","44287","전체",725,746,719,-27,6,-21,-0.036193029,0.008344924,-0.028150134
"93","41271","Sangnok-gu, Ansan-si","안산시상록구",NA,NA,NA,NA,NA,NA,NA,NA,NA,NA,NA,NA,NA,NA,NA,NA
"94","41273","Danwon-gu, Ansan-si","안산시단원구",NA,NA,NA,NA,NA,NA,NA,NA,NA,NA,NA,NA,NA,NA,NA,NA
"95","41281","Deogyang-gu, Goyang-si","고양시덕양구",NA,NA,NA,NA,NA,NA,NA,NA,NA,NA,NA,NA,NA,NA,NA,NA
"96","41285","Ilsandong-gu, Goyang-si","고양시일산동구",NA,NA,NA,NA,NA,NA,NA,NA,NA,NA,NA,NA,NA,NA,NA,NA
"97","41287","Ilsanseo-gu, Goyang-si","고양시일산서구",NA,NA,NA,NA,NA,NA,NA,NA,NA,NA,NA,NA,NA,NA,NA,NA
"98","41290","Gwacheon-si","과천시","2021","경기","과천시","4129000000","초등학교","44287","전체",647,434,480,46,167,213,0.105990783,0.347916667,0.49078341
"99","41310","Guri-si","구리시","2021","경기","구리시","4131000000","초등학교","44287","전체",1556,1858,1797,-61,-241,-302,-0.032831001,-0.13411241,-0.162540366
"100","41360","Namyangju-si","남양주시","2021","경기","남양주시","4136000000","초등학교","44287","전체",7088,7010,7297,287,-209,78,0.040941512,-0.028641908,0.011126961
"101","41370","Osan-si","오산시","2021","경기","오산시","4137000000","초등학교","44287","전체",2681,2682,2725,43,-44,-1,0.016032811,-0.016146789,-0.000372856
"102","41390","Siheung-si","시흥시","2021","경기","시흥시","4139000000","초등학교","44287","전체",5478,4901,5166,265,312,577,0.054070598,0.06039489,0.117731075
"103","41410","Gunpo-si","군포시","2021","경기","군포시","4141000000","초등학교","44287","전체",2187,2379,2304,-75,-117,-192,-0.031525851,-0.05078125,-0.080706179
"104","41430","Uiwang-si","의왕시","2021","경기","의왕시","4143000000","초등학교","44287","전체",1240,1387,1501,114,-261,-147,0.082191781,-0.173884077,-0.105984138
"105","41450","Hanam-si","하남시","2021","경기","하남시","4145000000","초등학교","44287","전체",3373,3193,3394,201,-21,180,0.062950204,-0.00618739,0.056373317
"106","41461","Cheoin-gu, Yongin-si","용인시처인구",NA,NA,NA,NA,NA,NA,NA,NA,NA,NA,NA,NA,NA,NA,NA,NA
"107","41463","Giheung-gu, Yongin-si","용인시기흥구",NA,NA,NA,NA,NA,NA,NA,NA,NA,NA,NA,NA,NA,NA,NA,NA
"108","41465","Suji-gu, Yongin-si","용인시수지구",NA,NA,NA,NA,NA,NA,NA,NA,NA,NA,NA,NA,NA,NA,NA,NA
"109","41480","Paju-si","파주시","2021","경기","파주시","4148000000","초등학교","44287","전체",4954,5030,4998,-32,-44,-76,-0.006361829,-0.008803521,-0.015109344
"110","41500","Icheon-si","이천시","2021","경기","이천시","4150000000","초등학교","44287","전체",2037,2226,2181,-45,-144,-189,-0.020215633,-0.066024759,-0.08490566
"111","41550","Anseong-si","안성시","2021","경기","안성시","4155000000","초등학교","44287","전체",1547,1572,1560,-12,-13,-25,-0.007633588,-0.008333333,-0.015903308
"112","41570","Gimpo-si","김포시","2021","경기","김포시","4157000000","초등학교","44287","전체",6216,5716,5883,167,333,500,0.029216235,0.056603774,0.087473758
"113","41590","Hwaseong-si","화성시","2021","경기","화성시","4159000000","초등학교","44287","전체",11404,11009,11573,564,-169,395,0.051230811,-0.014602955,0.035879735
"114","41610","Gwangju-si","광주시","2021","경기","광주시","4161000000","초등학교","44287","전체",3656,3963,3945,-18,-289,-307,-0.004542014,-0.073257288,-0.077466566
"115","41630","Yangju-si","양주시","2021","경기","양주시","4163000000","초등학교","44287","전체",2209,1990,2062,72,147,219,0.036180905,0.07129001,0.110050251
"116","41650","Pocheon-si","포천시","2021","경기","포천시","4165000000","초등학교","44287","전체",887,1007,976,-31,-89,-120,-0.030784508,-0.091188525,-0.119165839
"117","41670","Yeoju-si","여주시","2021","경기","여주시","4167000000","초등학교","44287","전체",766,801,807,6,-41,-35,0.007490637,-0.050805452,-0.043695381
"118","41800","Yeoncheon-gun","연천군","2021","경기","연천군","4180000000","초등학교","44287","전체",264,303,294,-9,-30,-39,-0.02970297,-0.102040816,-0.128712871
"119","41820","Gapyeong-gun","가평군","2021","경기","가평군","4182000000","초등학교","44287","전체",330,361,343,-18,-13,-31,-0.049861496,-0.037900875,-0.085872576
"120","41830","Yangpyeong-gun","양평군","2021","경기","양평군","4183000000","초등학교","44287","전체",783,781,797,16,-14,2,0.020486556,-0.017565872,0.002560819
"121","42110","Chuncheon-si","춘천시","2021","강원","춘천시","4211000000","초등학교","44287","전체",2319,2268,2335,67,-16,51,0.029541446,-0.006852248,0.022486772
"122","42130","Wonju-si","원주시","2021","강원","원주시","4213000000","초등학교","44287","전체",2924,2905,2981,76,-57,19,0.02616179,-0.0191211,0.006540448
"123","42150","Gangneung-si","강릉시","2021","강원","강릉시","4215000000","초등학교","44287","전체",1383,1410,1438,28,-55,-27,0.019858156,-0.038247566,-0.019148936
"124","42170","Donghae-si","동해시","2021","강원","동해시","4217000000","초등학교","44287","전체",747,695,703,8,44,52,0.011510791,0.062588905,0.074820144
"125","42190","Taebaek-si","태백시","2021","강원","태백시","4219000000","초등학교","44287","전체",290,296,295,-1,-5,-6,-0.003378378,-0.016949153,-0.02027027
"126","42210","Sokcho-si","속초시","2021","강원","속초시","4221000000","초등학교","44287","전체",627,674,696,22,-69,-47,0.03264095,-0.099137931,-0.069732938
"127","42230","Samcheok-si","삼척시","2021","강원","삼척시","4223000000","초등학교","44287","전체",382,423,409,-14,-27,-41,-0.033096927,-0.06601467,-0.096926714
"128","42720","Hongcheon-gun","홍천군","2021","강원","홍천군","4272000000","초등학교","44287","전체",332,392,374,-18,-42,-60,-0.045918367,-0.112299465,-0.153061224
"129","42730","Hoengseong-gun","횡성군","2021","강원","횡성군","4273000000","초등학교","44287","전체",226,251,243,-8,-17,-25,-0.03187251,-0.069958848,-0.099601594
"130","42750","Yeongwol-gun","영월군","2021","강원","영월군","4275000000","초등학교","44287","전체",179,197,189,-8,-10,-18,-0.040609137,-0.052910053,-0.091370558
"131","42760","Pyeongchang-gun","평창군","2021","강원","평창군","4276000000","초등학교","44287","전체",178,203,204,1,-26,-25,0.004926108,-0.12745098,-0.123152709
"132","42770","Jeongseon-gun","정선군","2021","강원","정선군","4277000000","초등학교","44287","전체",211,190,189,-1,22,21,-0.005263158,0.116402116,0.110526316
"133","42780","Cheorwon-gun","철원군","2021","강원","철원군","4278000000","초등학교","44287","전체",352,360,354,-6,-2,-8,-0.016666667,-0.005649718,-0.022222222
"134","42790","Hwacheon-gun","화천군","2021","강원","화천군","4279000000","초등학교","44287","전체",176,213,211,-2,-35,-37,-0.009389671,-0.165876777,-0.17370892
"135","42800","Yanggu-gun","양구군","2021","강원","양구군","4280000000","초등학교","44287","전체",155,192,180,-12,-25,-37,-0.0625,-0.138888889,-0.192708333
"136","42810","Inje-gun","인제군","2021","강원","인제군","4281000000","초등학교","44287","전체",220,254,244,-10,-24,-34,-0.039370079,-0.098360656,-0.133858268
"137","42820","Goseong-gun","고성군","2021","강원","고성군","4282000000","초등학교","44287","전체",167,136,122,-14,45,31,-0.102941176,0.368852459,0.227941176
"138","42830","Yangyang-gun","양양군","2021","강원","양양군","4283000000","초등학교","44287","전체",142,153,163,10,-21,-11,0.065359477,-0.128834356,-0.071895425
"139","43111","Sangdang-gu, Cheongju-si","청주시 상당구",NA,NA,NA,NA,NA,NA,NA,NA,NA,NA,NA,NA,NA,NA,NA,NA
"140","43112","Seowon-gu, Cheongju-si","청주시 서원구",NA,NA,NA,NA,NA,NA,NA,NA,NA,NA,NA,NA,NA,NA,NA,NA
"141","43113","Heungdeok-gu, Cheongju-si","청주시 흥덕구",NA,NA,NA,NA,NA,NA,NA,NA,NA,NA,NA,NA,NA,NA,NA,NA
"142","43114","Cheongwon-gu, Cheongju-si","청주시 청원구",NA,NA,NA,NA,NA,NA,NA,NA,NA,NA,NA,NA,NA,NA,NA,NA
"143","43130","Chungju-si","충주시","2021","충북","충주시","4313000000","초등학교","44287","전체",1525,1537,1543,6,-18,-12,0.003903709,-0.011665587,-0.007807417
"144","43150","Jecheon-si","제천시","2021","충북","제천시","4315000000","초등학교","44287","전체",952,973,969,-4,-17,-21,-0.004110997,-0.01754386,-0.021582734
"145","43720","Boeun-gun","보은군","2021","충북","보은군","4372000000","초등학교","44287","전체",148,154,146,-8,2,-6,-0.051948052,0.01369863,-0.038961039
"146","43730","Okcheon-gun","옥천군","2021","충북","옥천군","4373000000","초등학교","44287","전체",298,291,287,-4,11,7,-0.013745704,0.038327526,0.024054983
"147","43740","Yeongdong-gun","영동군","2021","충북","영동군","4374000000","초등학교","44287","전체",227,230,233,3,-6,-3,0.013043478,-0.025751073,-0.013043478
"148","43745","Jeungpyeong-gun","증평군","2021","충북","증평군","4374500000","초등학교","44287","전체",331,380,369,-11,-38,-49,-0.028947368,-0.10298103,-0.128947368
"149","43750","Jincheon-gun","진천군","2021","충북","진천군","4375000000","초등학교","44287","전체",866,813,825,12,41,53,0.014760148,0.04969697,0.065190652
"150","43760","Goesan-gun","괴산군","2021","충북","괴산군","4376000000","초등학교","44287","전체",166,134,143,9,23,32,0.067164179,0.160839161,0.23880597
"151","43770","Eumseong-gun","음성군","2021","충북","음성군","4377000000","초등학교","44287","전체",633,694,673,-21,-40,-61,-0.030259366,-0.059435364,-0.087896254
"152","43800","Danyang-gun","단양군","2021","충북","단양군","4380000000","초등학교","44287","전체",119,137,132,-5,-13,-18,-0.03649635,-0.098484848,-0.131386861
"153","44131","Dongnam-gu, Cheonan-si","천안시동남구",NA,NA,NA,NA,NA,NA,NA,NA,NA,NA,NA,NA,NA,NA,NA,NA
"154","44133","Seobuk-gu, Cheonan-si","천안시서북구",NA,NA,NA,NA,NA,NA,NA,NA,NA,NA,NA,NA,NA,NA,NA,NA
"155","44150","Gongju-si","공주시","2021","충남","공주시","4415000000","초등학교","44287","전체",617,641,643,2,-26,-24,0.003120125,-0.040435459,-0.037441498
"156","44180","Boryeong-si","보령시","2021","충남","보령시","4418000000","초등학교","44287","전체",670,702,708,6,-38,-32,0.008547009,-0.053672316,-0.045584046
"157","44200","Asan-si","아산시","2021","충남","아산시","4420000000","초등학교","44287","전체",3511,3714,3657,-57,-146,-203,-0.015347334,-0.039923435,-0.054658051
"158","44210","Seosan-si","서산시","2021","충남","서산시","4421000000","초등학교","44287","전체",1721,1714,1710,-4,11,7,-0.002333722,0.006432749,0.004084014
"159","44230","Nonsan-si","논산시","2021","충남","논산시","4423000000","초등학교","44287","전체",845,834,825,-9,20,11,-0.010791367,0.024242424,0.013189448
"160","44250","Gyeryong-si","계룡시","2021","충남","계룡시","4425000000","초등학교","44287","전체",431,430,436,6,-5,1,0.013953488,-0.01146789,0.002325581
"161","44270","Dangjin-si","당진시","2021","충남","당진시","4427000000","초등학교","44287","전체",1715,1752,1737,-15,-22,-37,-0.008561644,-0.012665515,-0.021118721
"162","44710","Geumsan-gun","금산군","2021","충남","금산군","4471000000","초등학교","44287","전체",256,246,248,2,8,10,0.008130081,0.032258065,0.040650407
"163","44760","Buyeo-gun","부여군","2021","충남","부여군","4476000000","초등학교","44287","전체",334,356,359,3,-25,-22,0.008426966,-0.069637883,-0.061797753
"164","44770","Seocheon-gun","서천군","2021","충남","서천군","4477000000","초등학교","44287","전체",266,272,267,-5,-1,-6,-0.018382353,-0.003745318,-0.022058824
"165","44790","Cheongyang-gun","청양군","2021","충남","청양군","4479000000","초등학교","44287","전체",123,132,133,1,-10,-9,0.007575758,-0.07518797,-0.068181818
"166","44800","Hongseong-gun","홍성군","2021","충남","홍성군","4480000000","초등학교","44287","전체",832,868,873,5,-41,-36,0.005760369,-0.04696449,-0.041474654
"167","44810","Yesan-gun","예산군","2021","충남","예산군","4481000000","초등학교","44287","전체",413,371,370,-1,43,42,-0.002695418,0.116216216,0.113207547
"168","44825","Taean-gun","태안군","2021","충남","태안군","4482500000","초등학교","44287","전체",322,327,320,-7,2,-5,-0.021406728,0.00625,-0.01529052
"169","45111","Wansan-gu, Jeonju-si","전주시완산구",NA,NA,NA,NA,NA,NA,NA,NA,NA,NA,NA,NA,NA,NA,NA,NA
"170","45113","Deokjin-gu, Jeonju-si","전주시덕진구",NA,NA,NA,NA,NA,NA,NA,NA,NA,NA,NA,NA,NA,NA,NA,NA
"171","45130","Gunsan-si","군산시","2021","전북","군산시","4513000000","초등학교","44287","전체",2388,2525,2470,-55,-82,-137,-0.021782178,-0.033198381,-0.054257426
"172","45140","Iksan-si","익산시","2021","전북","익산시","4514000000","초등학교","44287","전체",2050,2202,2163,-39,-113,-152,-0.017711172,-0.052242256,-0.069028156
"173","45180","Jeongeup-si","정읍시","2021","전북","정읍시","4518000000","초등학교","44287","전체",721,743,739,-4,-18,-22,-0.00538358,-0.02435724,-0.02960969
"174","45190","Namwon-si","남원시","2021","전북","남원시","4519000000","초등학교","44287","전체",521,546,547,1,-26,-25,0.001831502,-0.047531993,-0.045787546
"175","45210","Gimje-si","김제시","2021","전북","김제시","4521000000","초등학교","44287","전체",486,482,476,-6,10,4,-0.012448133,0.021008403,0.008298755
"176","45710","Wanju-gun","완주군","2021","전북","완주군","4571000000","초등학교","44287","전체",664,842,820,-22,-156,-178,-0.026128266,-0.190243902,-0.211401425
"177","45720","Jinan-gun","진안군","2021","전북","진안군","4572000000","초등학교","44287","전체",107,133,120,-13,-13,-26,-0.097744361,-0.108333333,-0.195488722
"178","45730","Muju-gun","무주군","2021","전북","무주군","4573000000","초등학교","44287","전체",142,135,134,-1,8,7,-0.007407407,0.059701493,0.051851852
"179","45740","Jangsu-gun","장수군","2021","전북","장수군","4574000000","초등학교","44287","전체",127,137,131,-6,-4,-10,-0.04379562,-0.030534351,-0.072992701
"180","45750","Imsil-gun","임실군","2021","전북","임실군","4575000000","초등학교","44287","전체",117,169,138,-31,-21,-52,-0.183431953,-0.152173913,-0.307692308
"181","45770","Sunchang-gun","순창군","2021","전북","순창군","4577000000","초등학교","44287","전체",130,141,130,-11,0,-11,-0.078014184,0,-0.078014184
"182","45790","Gochang-gun","고창군","2021","전북","고창군","4579000000","초등학교","44287","전체",311,290,292,2,19,21,0.006896552,0.065068493,0.072413793
"183","45800","Buan-gun","부안군","2021","전북","부안군","4580000000","초등학교","44287","전체",269,303,298,-5,-29,-34,-0.01650165,-0.097315436,-0.112211221
"184","46110","Mokpo-si","목포시","2021","전남","목포시","4611000000","초등학교","44287","전체",2166,2131,2158,27,8,35,0.012670108,0.003707136,0.016424214
"185","46130","Yeosu-si","여수시","2021","전남","여수시","4613000000","초등학교","44287","전체",2192,2359,2321,-38,-129,-167,-0.016108521,-0.055579492,-0.070792709
"186","46150","Suncheon-si","순천시","2021","전남","순천시","4615000000","초등학교","44287","전체",2528,2528,2592,64,-64,0,0.025316456,-0.024691358,0
"187","46170","Naju-si","나주시","2021","전남","나주시","4617000000","초등학교","44287","전체",1056,1098,1050,-48,6,-42,-0.043715847,0.005714286,-0.038251366
"188","46230","Gwangyang-si","광양시","2021","전남","광양시","4623000000","초등학교","44287","전체",1357,1510,1493,-17,-136,-153,-0.011258278,-0.091091762,-0.101324503
"189","46710","Damyang-gun","담양군","2021","전남","담양군","4671000000","초등학교","44287","전체",237,258,242,-16,-5,-21,-0.062015504,-0.020661157,-0.081395349
"190","46720","Gokseong-gun","곡성군","2021","전남","곡성군","4672000000","초등학교","44287","전체",103,132,126,-6,-23,-29,-0.045454545,-0.182539683,-0.21969697
"191","46730","Gurye-gun","구례군","2021","전남","구례군","4673000000","초등학교","44287","전체",111,122,118,-4,-7,-11,-0.032786885,-0.059322034,-0.090163934
"192","46770","Goheung-gun","고흥군","2021","전남","고흥군","4677000000","초등학교","44287","전체",248,262,270,8,-22,-14,0.030534351,-0.081481481,-0.053435115
"193","46780","Boseong-gun","보성군","2021","전남","보성군","4678000000","초등학교","44287","전체",163,208,190,-18,-27,-45,-0.086538462,-0.142105263,-0.216346154
"194","46790","Hwasun-gun","화순군","2021","전남","화순군","4679000000","초등학교","44287","전체",357,357,364,7,-7,0,0.019607843,-0.019230769,0
"195","46800","Jangheung-gun","장흥군","2021","전남","장흥군","4680000000","초등학교","44287","전체",213,227,215,-12,-2,-14,-0.052863436,-0.009302326,-0.061674009
"196","46810","Gangjin-gun","강진군","2021","전남","강진군","4681000000","초등학교","44287","전체",177,199,187,-12,-10,-22,-0.060301508,-0.053475936,-0.110552764
"197","46820","Haenam-gun","해남군","2021","전남","해남군","4682000000","초등학교","44287","전체",374,418,382,-36,-8,-44,-0.086124402,-0.020942408,-0.105263158
"198","46830","Yeongam-gun","영암군","2021","전남","영암군","4683000000","초등학교","44287","전체",326,406,386,-20,-60,-80,-0.049261084,-0.155440415,-0.197044335
"199","46840","Muan-gun","무안군","2021","전남","무안군","4684000000","초등학교","44287","전체",867,792,795,3,72,75,0.003787879,0.090566038,0.09469697
"200","46860","Hampyeong-gun","함평군","2021","전남","함평군","4686000000","초등학교","44287","전체",121,169,157,-12,-36,-48,-0.071005917,-0.229299363,-0.284023669
"201","46870","Yeonggwang-gun","영광군","2021","전남","영광군","4687000000","초등학교","44287","전체",294,337,318,-19,-24,-43,-0.056379822,-0.075471698,-0.127596439
"202","46880","Jangseong-gun","장성군","2021","전남","장성군","4688000000","초등학교","44287","전체",307,311,305,-6,2,-4,-0.019292605,0.006557377,-0.012861736
"203","46890","Wando-gun","완도군","2021","전남","완도군","4689000000","초등학교","44287","전체",347,345,336,-9,11,2,-0.026086957,0.032738095,0.005797101
"204","46900","Jindo-gun","진도군","2021","전남","진도군","4690000000","초등학교","44287","전체",168,185,181,-4,-13,-17,-0.021621622,-0.071823204,-0.091891892
"205","46910","Sinan-gun","신안군","2021","전남","신안군","4691000000","초등학교","44287","전체",128,177,170,-7,-42,-49,-0.039548023,-0.247058824,-0.276836158
"206","47111","Nam-gu, Pohang-si","포항시 남구",NA,NA,NA,NA,NA,NA,NA,NA,NA,NA,NA,NA,NA,NA,NA,NA
"207","47113","Buk-gu, Pohang-si","포항시 북구",NA,NA,NA,NA,NA,NA,NA,NA,NA,NA,NA,NA,NA,NA,NA,NA
"208","47130","Gyeongju-si","경주시","2021","경북","경주시","4713000000","초등학교","44287","전체",1774,1741,1761,20,13,33,0.011487651,0.007382169,0.018954624
"209","47150","Gimcheon-si","김천시","2021","경북","김천시","4715000000","초등학교","44287","전체",1077,1141,1117,-24,-40,-64,-0.021034181,-0.035810206,-0.056091148
"210","47170","Andong-si","안동시","2021","경북","안동시","4717000000","초등학교","44287","전체",1176,1128,1117,-11,59,48,-0.009751773,0.052820054,0.042553191
"211","47190","Gumi-si","구미시","2021","경북","구미시","4719000000","초등학교","44287","전체",4685,4947,4906,-41,-221,-262,-0.008287851,-0.045046881,-0.052961391
"212","47210","Yeongju-si","영주시","2021","경북","영주시","4721000000","초등학교","44287","전체",665,673,671,-2,-6,-8,-0.002971768,-0.008941878,-0.011887073
"213","47230","Yeongcheon-si","영천시","2021","경북","영천시","4723000000","초등학교","44287","전체",511,600,578,-22,-67,-89,-0.036666667,-0.115916955,-0.148333333
"214","47250","Sangju-si","상주시","2021","경북","상주시","4725000000","초등학교","44287","전체",521,551,550,-1,-29,-30,-0.001814882,-0.052727273,-0.054446461
"215","47280","Mungyeong-si","문경시","2021","경북","문경시","4728000000","초등학교","44287","전체",389,429,424,-5,-35,-40,-0.011655012,-0.08254717,-0.093240093
"216","47290","Gyeongsan-si","경산시","2021","경북","경산시","4729000000","초등학교","44287","전체",2210,2394,2376,-18,-166,-184,-0.007518797,-0.06986532,-0.076858814
"217","47720","Gunwi-gun","군위군","2021","경북","군위군","4772000000","초등학교","44287","전체",62,76,71,-5,-9,-14,-0.065789474,-0.126760563,-0.184210526
"218","47730","Uiseong-gun","의성군","2021","경북","의성군","4773000000","초등학교","44287","전체",170,177,172,-5,-2,-7,-0.028248588,-0.011627907,-0.039548023
"219","47750","Cheongsong-gun","청송군","2021","경북","청송군","4775000000","초등학교","44287","전체",97,122,116,-6,-19,-25,-0.049180328,-0.163793103,-0.204918033
"220","47760","Yeongyang-gun","영양군","2021","경북","영양군","4776000000","초등학교","44287","전체",71,95,89,-6,-18,-24,-0.063157895,-0.202247191,-0.252631579
"221","47770","Yeongdeok-gun","영덕군","2021","경북","영덕군","4777000000","초등학교","44287","전체",167,206,195,-11,-28,-39,-0.053398058,-0.143589744,-0.189320388
"222","47820","Cheongdo-gun","청도군","2021","경북","청도군","4782000000","초등학교","44287","전체",148,158,160,2,-12,-10,0.012658228,-0.075,-0.063291139
"223","47830","Goryeong-gun","고령군","2021","경북","고령군","4783000000","초등학교","44287","전체",157,170,158,-12,-1,-13,-0.070588235,-0.006329114,-0.076470588
"224","47840","Seongju-gun","성주군","2021","경북","성주군","4784000000","초등학교","44287","전체",147,215,191,-24,-44,-68,-0.111627907,-0.230366492,-0.31627907
"225","47850","Chilgok-gun","칠곡군","2021","경북","칠곡군","4785000000","초등학교","44287","전체",1016,1150,1102,-48,-86,-134,-0.04173913,-0.078039927,-0.116521739
"226","47900","Yecheon-gun","예천군","2021","경북","예천군","4790000000","초등학교","44287","전체",361,458,484,26,-123,-97,0.056768559,-0.254132231,-0.211790393
"227","47920","Bonghwa-gun","봉화군","2021","경북","봉화군","4792000000","초등학교","44287","전체",127,180,157,-23,-30,-53,-0.127777778,-0.191082803,-0.294444444
"228","47930","Uljin-gun","울진군","2021","경북","울진군","4793000000","초등학교","44287","전체",296,334,321,-13,-25,-38,-0.038922156,-0.07788162,-0.113772455
"229","47940","Ulleung-gun","울릉군","2021","경북","울릉군","4794000000","초등학교","44287","전체",43,48,39,-9,4,-5,-0.1875,0.102564103,-0.104166667
"230","48121","Uichang-gu, Changwon-si","창원시 의창구",NA,NA,NA,NA,NA,NA,NA,NA,NA,NA,NA,NA,NA,NA,NA,NA
"231","48123","Seongsan-gu, Changwon-si","창원시 성산구",NA,NA,NA,NA,NA,NA,NA,NA,NA,NA,NA,NA,NA,NA,NA,NA
"232","48125","Masanhappo-gu, Changwon-si","창원시 마산합포구",NA,NA,NA,NA,NA,NA,NA,NA,NA,NA,NA,NA,NA,NA,NA,NA
"233","48127","Masanhoewon-gu, Changwon-si","창원시 마산회원구",NA,NA,NA,NA,NA,NA,NA,NA,NA,NA,NA,NA,NA,NA,NA,NA
"234","48129","Jinhae-gu, Changwon-si","창원시 진해구",NA,NA,NA,NA,NA,NA,NA,NA,NA,NA,NA,NA,NA,NA,NA,NA
"235","48170","Jinju-si","진주시","2021","경남","진주시","4817000000","초등학교","44287","전체",3329,3173,3211,38,118,156,0.011976048,0.036748676,0.049164828
"236","48220","Tongyeong-si","통영시","2021","경남","통영시","4822000000","초등학교","44287","전체",1168,1186,1166,-20,2,-18,-0.016863406,0.001715266,-0.015177066
"237","48240","Sacheon-si","사천시","2021","경남","사천시","4824000000","초등학교","44287","전체",926,922,909,-13,17,4,-0.014099783,0.01870187,0.004338395
"238","48250","Gimhae-si","김해시","2021","경남","김해시","4825000000","초등학교","44287","전체",5522,5511,5566,55,-44,11,0.00998004,-0.007905138,0.001996008
"239","48270","Miryang-si","밀양시","2021","경남","밀양시","4827000000","초등학교","44287","전체",610,594,601,7,9,16,0.011784512,0.014975042,0.026936027
"240","48310","Geoje-si","거제시","2021","경남","거제시","4831000000","초등학교","44287","전체",3108,3360,3292,-68,-184,-252,-0.020238095,-0.055893074,-0.075
"241","48330","Yangsan-si","양산시","2021","경남","양산시","4833000000","초등학교","44287","전체",3867,4020,4004,-16,-137,-153,-0.0039801,-0.034215784,-0.038059701
"242","48720","Uiryeong-gun","의령군","2021","경남","의령군","4872000000","초등학교","44287","전체",103,126,123,-3,-20,-23,-0.023809524,-0.162601626,-0.182539683
"243","48730","Haman-gun","함안군","2021","경남","함안군","4873000000","초등학교","44287","전체",475,475,468,-7,7,0,-0.014736842,0.014957265,0
"244","48740","Changnyeong-gun","창녕군","2021","경남","창녕군","4874000000","초등학교","44287","전체",324,353,346,-7,-22,-29,-0.019830028,-0.063583815,-0.082152975
"245","48820","Goseong-gun","고성군","2021","경남","고성군","4882000000","초등학교","44287","전체",305,325,315,-10,-10,-20,-0.030769231,-0.031746032,-0.061538462
"246","48840","Namhae-gun","남해군","2021","경남","남해군","4884000000","초등학교","44287","전체",188,186,188,2,0,2,0.010752688,0,0.010752688
"247","48850","Hadong-gun","하동군","2021","경남","하동군","4885000000","초등학교","44287","전체",183,252,238,-14,-55,-69,-0.055555556,-0.231092437,-0.273809524
"248","48860","Sancheong-gun","산청군","2021","경남","산청군","4886000000","초등학교","44287","전체",112,155,141,-14,-29,-43,-0.090322581,-0.205673759,-0.277419355
"249","48870","Hamyang-gun","함양군","2021","경남","함양군","4887000000","초등학교","44287","전체",210,211,207,-4,3,-1,-0.018957346,0.014492754,-0.004739336
"250","48880","Geochang-gun","거창군","2021","경남","거창군","4888000000","초등학교","44287","전체",453,437,423,-14,30,16,-0.032036613,0.070921986,0.036613272
"251","48890","Hapcheon-gun","합천군","2021","경남","합천군","4889000000","초등학교","44287","전체",155,174,176,2,-21,-19,0.011494253,-0.119318182,-0.109195402
"252","50110","Jeju-si","제주시","2021","제주","제주시","5011000000","초등학교","44287","전체",5130,4905,4950,45,180,225,0.009174312,0.036363636,0.04587156
"253","50130","Seogwipo-si","서귀포시","2021","제주","서귀포시","5013000000","초등학교","44287","전체",1495,1553,1595,42,-100,-58,0.02704443,-0.062695925,-0.03734707
"254","41110",NA,NA,"2021","경기","수원시","4111000000","초등학교","44287","전체",10618,11351,11169,-182,-551,-733,-0.01603383,-0.049332975,-0.064575808
"255","41130",NA,NA,"2021","경기","성남시","4113000000","초등학교","44287","전체",7180,7673,7688,15,-508,-493,0.001954907,-0.066077003,-0.064251271
"256","41170",NA,NA,"2021","경기","안양시","4117000000","초등학교","44287","전체",4229,4469,4342,-127,-113,-240,-0.028417991,-0.026024873,-0.053703289
"257","41270",NA,NA,"2021","경기","안산시","4127000000","초등학교","44287","전체",5078,4993,4897,-96,181,85,-0.019226918,0.036961405,0.017023833
"258","41460",NA,NA,"2021","경기","용인시","4146000000","초등학교","44287","전체",11033,11102,11410,308,-377,-69,0.027742749,-0.033041192,-0.006215096
"259","41280",NA,NA,"2021","경기","고양시","4128000000","초등학교","44287","전체",8568,8709,9111,402,-543,-141,0.046159146,-0.059598288,-0.016190148
"260","43110",NA,NA,"2021","충북","청주시","4311000000","초등학교","44287","전체",7889,8030,8031,1,-142,-141,0.000124533,-0.017681484,-0.017559153
"261","44130",NA,NA,"2021","충남","천안시","4413000000","초등학교","44287","전체",6716,6833,6806,-27,-90,-117,-0.003951412,-0.013223626,-0.017122786
"262","45110",NA,NA,"2021","전북","전주시","4511000000","초등학교","44287","전체",6132,5889,6046,157,86,243,0.026659874,0.014224281,0.041263372
"263","47110",NA,NA,"2021","경북","포항시","4711000000","초등학교","44287","전체",4408,4510,4536,26,-128,-102,0.005764967,-0.028218695,-0.022616408
