시도명,시군구명,1999년,2000년,2001년,2002년,2003년,2004년,2005년,2006년,2007년,2008년,2009년,2010년,2011년,2012년,2013년,2014년,2015년,2016년,2017년,2018년,2019년,2020년,1999년,2000년,2001년,2002년,2003년,2004년,2005년,2006년,2007년,2008년,2009년,2010년,2011년,2012년,2013년,2014년,2015년,2016년,2017년,2018년,2019년,2020년,1999년,2000년,2001년,2002년,2003년,2004년,2005년,2006년,2007년,2008년,2009년,2010년,2011년,2012년,2013년,2014년,2015년,2016년,2017년,2018년,2019년,2020년
서울,강남구,5526 ,5487 ,5380 ,5211 ,5099 ,4782 ,4682 ,4708 ,4833 ,3782 ,3378 ,3545 ,3548 ,3132 ,3320 ,3846 ,3970 ,3703 ,3957 ,3938 ,4096 ,3913 ,3014 ,2994 ,2874 ,2829 ,2692 ,2491 ,2453 ,2545 ,2592 ,1978 ,1746 ,1848 ,1876 ,1645 ,1698 ,2003 ,2089 ,1896 ,2060 ,2056 ,2116 ,2064 ,2512 ,2493 ,2506 ,2382 ,2407 ,2291 ,2229 ,2163 ,2241 ,1804 ,1632 ,1697 ,1672 ,1487 ,1622 ,1843 ,1881 ,1807 ,1897 ,1882 ,1980 ,1849 
서울,강동구,6921 ,6354 ,6392 ,5962 ,5701 ,5385 ,5093 ,4679 ,4848 ,4044 ,3747 ,3930 ,3823 ,3433 ,3587 ,3845 ,3665 ,3229 ,3470 ,3210 ,3292 ,3404 ,3670 ,3415 ,3473 ,3213 ,3033 ,2748 ,2629 ,2432 ,2550 ,2058 ,1975 ,2025 ,1997 ,1774 ,1873 ,2032 ,1924 ,1646 ,1806 ,1697 ,1711 ,1798 ,3251 ,2939 ,2919 ,2749 ,2668 ,2637 ,2464 ,2247 ,2298 ,1986 ,1772 ,1905 ,1826 ,1659 ,1714 ,1813 ,1741 ,1583 ,1664 ,1513 ,1581 ,1606 
서울,강북구,3843 ,3543 ,3506 ,3695 ,3673 ,3673 ,3408 ,3269 ,3115 ,2620 ,2349 ,2358 ,2155 ,1945 ,1972 ,2041 ,1855 ,1778 ,1791 ,1753 ,1706 ,1528 ,1982 ,1876 ,1868 ,1909 ,1950 ,1971 ,1735 ,1679 ,1680 ,1373 ,1214 ,1207 ,1050 ,990 ,1012 ,1062 ,928 ,898 ,911 ,897 ,892 ,810 ,1861 ,1667 ,1638 ,1786 ,1723 ,1702 ,1673 ,1590 ,1435 ,1247 ,1135 ,1151 ,1105 ,955 ,960 ,979 ,927 ,880 ,880 ,856 ,814 ,718 
서울,강서구,7710 ,7320 ,7125 ,6643 ,6577 ,6367 ,6039 ,6123 ,6258 ,5728 ,5290 ,5328 ,4919 ,4386 ,4427 ,4807 ,4757 ,4413 ,4529 ,4816 ,4946 ,4277 ,4047 ,3913 ,3819 ,3575 ,3415 ,3258 ,3156 ,3127 ,3210 ,2896 ,2774 ,2743 ,2540 ,2224 ,2324 ,2442 ,2433 ,2289 ,2353 ,2460 ,2556 ,2180 ,3663 ,3407 ,3306 ,3068 ,3162 ,3109 ,2883 ,2996 ,3048 ,2832 ,2516 ,2585 ,2379 ,2162 ,2103 ,2365 ,2324 ,2124 ,2176 ,2356 ,2390 ,2097 
서울,관악구,6048 ,5810 ,5904 ,5620 ,5480 ,5335 ,5173 ,5022 ,4850 ,4244 ,3626 ,3663 ,3379 ,3148 ,3029 ,3225 ,3014 ,2732 ,2769 ,2687 ,2581 ,2302 ,3203 ,3089 ,3168 ,2904 ,2860 ,2764 ,2716 ,2679 ,2540 ,2209 ,1916 ,1895 ,1767 ,1594 ,1606 ,1623 ,1560 ,1422 ,1411 ,1393 ,1318 ,1169 ,2845 ,2721 ,2736 ,2716 ,2620 ,2571 ,2457 ,2343 ,2310 ,2035 ,1710 ,1768 ,1612 ,1554 ,1423 ,1602 ,1454 ,1310 ,1358 ,1294 ,1263 ,1133 
서울,광진구,5521 ,5236 ,5270 ,5168 ,4844 ,4686 ,4466 ,4193 ,4194 ,3438 ,3003 ,2935 ,2839 ,2528 ,2689 ,2817 ,2601 ,2407 ,2550 ,2480 ,2599 ,2244 ,2890 ,2788 ,2795 ,2684 ,2474 ,2346 ,2333 ,2180 ,2217 ,1805 ,1547 ,1539 ,1442 ,1266 ,1341 ,1416 ,1364 ,1246 ,1366 ,1248 ,1350 ,1124 ,2631 ,2448 ,2475 ,2484 ,2370 ,2340 ,2133 ,2013 ,1977 ,1633 ,1456 ,1396 ,1397 ,1262 ,1348 ,1401 ,1237 ,1161 ,1184 ,1232 ,1249 ,1120 
서울,구로구,5233 ,5240 ,5234 ,5333 ,5102 ,4861 ,4662 ,4510 ,4614 ,4045 ,3478 ,3539 ,3447 ,3288 ,3371 ,3665 ,3516 ,3329 ,3464 ,3320 ,3305 ,3014 ,2782 ,2784 ,2770 ,2782 ,2654 ,2515 ,2404 ,2291 ,2389 ,2101 ,1790 ,1820 ,1795 ,1778 ,1726 ,1867 ,1788 ,1689 ,1761 ,1684 ,1615 ,1551 ,2451 ,2456 ,2464 ,2551 ,2448 ,2346 ,2258 ,2219 ,2225 ,1944 ,1688 ,1719 ,1652 ,1510 ,1645 ,1798 ,1728 ,1640 ,1703 ,1636 ,1690 ,1463 
서울,금천구,4217 ,3895 ,3696 ,3522 ,3405 ,3335 ,3104 ,2865 ,2765 ,2377 ,1970 ,1994 ,1799 ,1645 ,1661 ,1715 ,1550 ,1510 ,1610 ,1561 ,1656 ,1336 ,2218 ,2010 ,1964 ,1827 ,1761 ,1717 ,1632 ,1462 ,1448 ,1205 ,1005 ,1025 ,926 ,842 ,850 ,860 ,797 ,776 ,828 ,786 ,844 ,676 ,1999 ,1885 ,1732 ,1695 ,1644 ,1618 ,1472 ,1403 ,1317 ,1172 ,965 ,969 ,873 ,803 ,811 ,855 ,753 ,734 ,782 ,775 ,812 ,660 
서울,노원구,9456 ,9324 ,9268 ,9279 ,8710 ,8719 ,7895 ,7645 ,7930 ,6671 ,5899 ,5881 ,5545 ,4907 ,4883 ,5183 ,4895 ,4329 ,4470 ,4236 ,4318 ,3821 ,4939 ,5006 ,4949 ,4979 ,4578 ,4612 ,4110 ,4004 ,4107 ,3452 ,2997 ,3089 ,2878 ,2527 ,2532 ,2664 ,2507 ,2220 ,2271 ,2146 ,2217 ,1979 ,4517 ,4318 ,4319 ,4300 ,4132 ,4107 ,3785 ,3641 ,3823 ,3219 ,2902 ,2792 ,2667 ,2380 ,2351 ,2519 ,2388 ,2109 ,2199 ,2090 ,2101 ,1842 
서울,도봉구,6504 ,6107 ,5793 ,5498 ,5214 ,5262 ,4905 ,4552 ,4646 ,3968 ,3371 ,3432 ,3209 ,2781 ,2891 ,3151 ,2813 ,2684 ,2737 ,2572 ,2601 ,2214 ,3424 ,3300 ,3125 ,2873 ,2782 ,2777 ,2490 ,2330 ,2419 ,2066 ,1751 ,1741 ,1631 ,1452 ,1517 ,1619 ,1464 ,1360 ,1411 ,1313 ,1348 ,1137 ,3080 ,2807 ,2668 ,2625 ,2432 ,2485 ,2415 ,2222 ,2227 ,1902 ,1620 ,1691 ,1578 ,1329 ,1374 ,1532 ,1349 ,1324 ,1326 ,1259 ,1253 ,1077 
서울,동대문구,4781 ,4557 ,4582 ,4552 ,4295 ,4270 ,3874 ,3725 ,3713 ,3201 ,2796 ,2808 ,2664 ,2384 ,2501 ,2693 ,2596 ,2348 ,2396 ,2284 ,2386 ,2136 ,2508 ,2441 ,2388 ,2377 ,2264 ,2224 ,1999 ,1895 ,1917 ,1655 ,1388 ,1450 ,1371 ,1249 ,1260 ,1430 ,1329 ,1218 ,1217 ,1168 ,1227 ,1117 ,2273 ,2116 ,2194 ,2175 ,2031 ,2046 ,1875 ,1830 ,1796 ,1546 ,1408 ,1358 ,1293 ,1135 ,1241 ,1263 ,1267 ,1130 ,1179 ,1116 ,1159 ,1019 
서울,동작구,5339 ,5162 ,5137 ,4784 ,4378 ,4298 ,4405 ,4065 ,4062 ,3585 ,3311 ,3219 ,3075 ,2821 ,3028 ,3176 ,2904 ,2807 ,2950 ,2801 ,2805 ,2545 ,2807 ,2730 ,2715 ,2525 ,2288 ,2212 ,2288 ,2082 ,2092 ,1846 ,1731 ,1675 ,1588 ,1432 ,1552 ,1718 ,1475 ,1412 ,1561 ,1419 ,1427 ,1287 ,2532 ,2432 ,2422 ,2259 ,2090 ,2086 ,2117 ,1983 ,1970 ,1739 ,1580 ,1544 ,1487 ,1389 ,1476 ,1458 ,1429 ,1395 ,1389 ,1382 ,1378 ,1258 
서울,마포구,4526 ,4413 ,4384 ,4255 ,4020 ,4237 ,3950 ,3838 ,3891 ,3575 ,2926 ,3122 ,3052 ,2774 ,2813 ,3100 ,2917 ,2638 ,2676 ,2458 ,2572 ,2211 ,2287 ,2349 ,2284 ,2209 ,2036 ,2122 ,2117 ,1952 ,1977 ,1879 ,1480 ,1603 ,1548 ,1427 ,1439 ,1583 ,1505 ,1363 ,1366 ,1223 ,1312 ,1092 ,2239 ,2064 ,2100 ,2046 ,1984 ,2115 ,1833 ,1886 ,1914 ,1696 ,1446 ,1519 ,1504 ,1347 ,1374 ,1517 ,1412 ,1275 ,1310 ,1235 ,1260 ,1119 
서울,서대문구,4604 ,4352 ,4404 ,4321 ,4083 ,3754 ,3717 ,3459 ,3511 ,3133 ,2657 ,2666 ,2435 ,2166 ,2272 ,2204 ,2109 ,2213 ,2288 ,2140 ,2243 ,2179 ,2480 ,2327 ,2348 ,2224 ,2117 ,1916 ,1874 ,1809 ,1780 ,1639 ,1405 ,1342 ,1235 ,1096 ,1152 ,1102 ,1080 ,1110 ,1220 ,1054 ,1144 ,1104 ,2124 ,2025 ,2056 ,2097 ,1966 ,1838 ,1843 ,1650 ,1731 ,1494 ,1252 ,1324 ,1200 ,1070 ,1120 ,1102 ,1029 ,1103 ,1068 ,1086 ,1099 ,1075 
서울,서초구,3585 ,3630 ,3538 ,3515 ,3287 ,3495 ,3432 ,3489 ,3551 ,3337 ,3120 ,3468 ,3431 ,3225 ,3547 ,3840 ,3926 ,3662 ,4031 ,3861 ,3854 ,3479 ,1896 ,1930 ,1875 ,1897 ,1688 ,1818 ,1837 ,1851 ,1825 ,1734 ,1600 ,1819 ,1763 ,1683 ,1804 ,1982 ,1998 ,1865 ,2064 ,2018 ,1984 ,1831 ,1689 ,1700 ,1663 ,1618 ,1599 ,1677 ,1595 ,1638 ,1726 ,1603 ,1520 ,1649 ,1668 ,1542 ,1743 ,1858 ,1928 ,1797 ,1967 ,1843 ,1870 ,1648 
서울,성동구,4070 ,4181 ,4257 ,4038 ,3953 ,3809 ,3649 ,3590 ,3384 ,2996 ,2624 ,2581 ,2472 ,2192 ,2223 ,2396 ,2147 ,1995 ,2111 ,2100 ,2102 ,1891 ,2162 ,2226 ,2253 ,2119 ,1991 ,1946 ,1887 ,1830 ,1760 ,1511 ,1321 ,1270 ,1282 ,1127 ,1155 ,1186 ,1107 ,1006 ,1092 ,1069 ,1042 ,987 ,1908 ,1955 ,2004 ,1919 ,1962 ,1863 ,1762 ,1760 ,1624 ,1485 ,1303 ,1311 ,1190 ,1065 ,1068 ,1210 ,1040 ,989 ,1019 ,1031 ,1060 ,904 
서울,성북구,5802 ,5470 ,5232 ,5040 ,4750 ,4903 ,4724 ,4979 ,5165 ,4685 ,4146 ,4427 ,4336 ,3986 ,4035 ,4256 ,3876 ,3592 ,3718 ,3604 ,3539 ,3137 ,3103 ,2950 ,2752 ,2684 ,2470 ,2505 ,2457 ,2614 ,2633 ,2397 ,2139 ,2315 ,2285 ,2079 ,2069 ,2171 ,2005 ,1841 ,1878 ,1859 ,1827 ,1558 ,2699 ,2520 ,2480 ,2356 ,2280 ,2398 ,2267 ,2365 ,2532 ,2288 ,2007 ,2112 ,2051 ,1907 ,1966 ,2085 ,1871 ,1751 ,1840 ,1745 ,1712 ,1579 
서울,송파구,8967 ,8525 ,7987 ,8092 ,7505 ,6965 ,6249 ,6268 ,6321 ,5760 ,5683 ,5705 ,5636 ,5046 ,5184 ,5697 ,5204 ,5075 ,5300 ,5216 ,5620 ,4926 ,4760 ,4531 ,4325 ,4280 ,3926 ,3602 ,3248 ,3324 ,3239 ,3032 ,2996 ,2999 ,2906 ,2619 ,2699 ,2942 ,2715 ,2599 ,2705 ,2717 ,2853 ,2515 ,4207 ,3994 ,3662 ,3812 ,3579 ,3363 ,3001 ,2944 ,3082 ,2728 ,2687 ,2706 ,2730 ,2427 ,2485 ,2755 ,2489 ,2476 ,2595 ,2499 ,2767 ,2411 
서울,양천구,6253 ,6275 ,6151 ,6228 ,6057 ,6035 ,5857 ,5676 ,5672 ,4920 ,4225 ,4252 ,4106 ,3749 ,3764 ,4100 ,4071 ,3616 ,3815 ,3736 ,3731 ,3575 ,3271 ,3431 ,3372 ,3289 ,3251 ,3241 ,3083 ,2985 ,3011 ,2522 ,2225 ,2217 ,2175 ,1976 ,1877 ,2111 ,2096 ,1854 ,1936 ,1965 ,1899 ,1850 ,2982 ,2844 ,2779 ,2939 ,2806 ,2794 ,2774 ,2691 ,2661 ,2398 ,2000 ,2035 ,1931 ,1773 ,1887 ,1989 ,1975 ,1762 ,1879 ,1771 ,1832 ,1725 
서울,영등포구,5405 ,5073 ,5203 ,5001 ,4721 ,4711 ,4280 ,4014 ,4077 ,3450 ,3064 ,3117 ,2983 ,2571 ,2660 ,2848 ,2589 ,2377 ,2377 ,2457 ,2564 ,2265 ,2805 ,2750 ,2785 ,2603 ,2492 ,2419 ,2225 ,2106 ,2092 ,1769 ,1592 ,1631 ,1555 ,1329 ,1397 ,1498 ,1324 ,1211 ,1189 ,1187 ,1285 ,1168 ,2600 ,2323 ,2418 ,2398 ,2229 ,2292 ,2055 ,1908 ,1985 ,1681 ,1472 ,1486 ,1428 ,1242 ,1263 ,1350 ,1265 ,1166 ,1188 ,1270 ,1279 ,1097 
서울,용산구,2486 ,2318 ,2485 ,2406 ,2133 ,2274 ,2039 ,2115 ,2010 ,1809 ,1635 ,1559 ,1522 ,1428 ,1386 ,1593 ,1414 ,1286 ,1253 ,1248 ,1245 ,1090 ,1298 ,1224 ,1304 ,1253 ,1105 ,1198 ,1072 ,1086 ,1053 ,938 ,840 ,795 ,786 ,726 ,727 ,777 ,700 ,658 ,632 ,660 ,642 ,553 ,1188 ,1094 ,1181 ,1153 ,1028 ,1076 ,967 ,1029 ,957 ,871 ,795 ,764 ,736 ,702 ,659 ,816 ,714 ,628 ,621 ,588 ,603 ,537 
서울,은평구,6736 ,6540 ,6478 ,6193 ,6046 ,5968 ,5649 ,5490 ,5448 ,4532 ,4303 ,4307 ,4155 ,3852 ,4137 ,4359 ,3960 ,3737 ,3803 ,3569 ,3686 ,3150 ,3563 ,3459 ,3480 ,3261 ,3061 ,3013 ,2958 ,2919 ,2864 ,2320 ,2215 ,2236 ,2143 ,1988 ,2127 ,2270 ,2062 ,1924 ,1941 ,1837 ,1930 ,1650 ,3173 ,3081 ,2998 ,2932 ,2985 ,2955 ,2691 ,2571 ,2584 ,2212 ,2088 ,2071 ,2012 ,1864 ,2010 ,2089 ,1898 ,1813 ,1862 ,1732 ,1756 ,1500 
서울,종로구,1937 ,2011 ,1858 ,1914 ,1779 ,1713 ,1627 ,1502 ,1441 ,1298 ,1132 ,1109 ,1065 ,954 ,988 ,1009 ,976 ,876 ,926 ,862 ,946 ,764 ,1014 ,1035 ,939 ,1011 ,937 ,944 ,845 ,777 ,745 ,676 ,601 ,577 ,557 ,490 ,528 ,520 ,504 ,454 ,459 ,443 ,478 ,381 ,923 ,976 ,919 ,903 ,842 ,769 ,782 ,725 ,696 ,622 ,531 ,532 ,508 ,464 ,460 ,489 ,472 ,422 ,467 ,419 ,468 ,383 
서울,중구,1998 ,2049 ,2129 ,1927 ,1875 ,1796 ,1674 ,1493 ,1501 ,1375 ,1173 ,1138 ,1067 ,976 ,951 ,1089 ,977 ,883 ,868 ,898 ,919 ,907 ,1026 ,1036 ,1121 ,996 ,951 ,897 ,847 ,778 ,812 ,689 ,598 ,570 ,541 ,495 ,469 ,531 ,481 ,443 ,456 ,439 ,459 ,455 ,972 ,1013 ,1008 ,931 ,924 ,899 ,827 ,715 ,689 ,686 ,575 ,568 ,526 ,481 ,482 ,558 ,496 ,440 ,412 ,459 ,460 ,452 
서울,중랑구,6922 ,6447 ,6231 ,5731 ,5388 ,5232 ,4814 ,4492 ,4401 ,3668 ,3200 ,3259 ,3043 ,2670 ,2747 ,2883 ,2812 ,2563 ,2652 ,2647 ,2717 ,2369 ,3690 ,3358 ,3254 ,3003 ,2810 ,2765 ,2561 ,2322 ,2325 ,1926 ,1656 ,1645 ,1525 ,1410 ,1452 ,1481 ,1423 ,1281 ,1358 ,1368 ,1416 ,1218 ,3232 ,3089 ,2977 ,2728 ,2578 ,2467 ,2253 ,2170 ,2076 ,1742 ,1544 ,1614 ,1518 ,1260 ,1295 ,1402 ,1389 ,1282 ,1294 ,1279 ,1301 ,1151 
부산,강서구,804 ,719 ,620 ,559 ,482 ,459 ,422 ,363 ,336 ,253 ,336 ,437 ,430 ,467 ,474 ,692 ,898 ,1191 ,1561 ,1750 ,1958 ,1956 ,426 ,400 ,326 ,306 ,262 ,260 ,211 ,200 ,180 ,132 ,170 ,235 ,232 ,243 ,233 ,356 ,438 ,623 ,789 ,887 ,1033 ,1014 ,378 ,319 ,294 ,253 ,220 ,199 ,211 ,163 ,156 ,121 ,166 ,202 ,198 ,224 ,241 ,336 ,460 ,568 ,772 ,863 ,925 ,942 
부산,금정구,3712 ,3659 ,3605 ,3330 ,3093 ,2918 ,2594 ,2376 ,2488 ,2114 ,1785 ,1820 ,1724 ,1583 ,1625 ,1782 ,1612 ,1534 ,1656 ,1709 ,1702 ,1527 ,2027 ,2021 ,2016 ,1807 ,1663 ,1502 ,1377 ,1304 ,1320 ,1087 ,921 ,948 ,870 ,825 ,866 ,923 ,854 ,806 ,874 ,859 ,890 ,765 ,1685 ,1638 ,1589 ,1523 ,1430 ,1416 ,1217 ,1072 ,1168 ,1027 ,864 ,872 ,854 ,758 ,759 ,859 ,758 ,728 ,782 ,850 ,812 ,762 
부산,기장군,1108 ,926 ,989 ,953 ,941 ,990 ,941 ,867 ,860 ,769 ,742 ,927 ,970 ,1036 ,1207 ,1702 ,1720 ,1799 ,1987 ,2106 ,2166 ,2038 ,598 ,507 ,541 ,507 ,482 ,525 ,490 ,437 ,441 ,432 ,405 ,497 ,501 ,556 ,628 ,888 ,880 ,919 ,990 ,1074 ,1100 ,1061 ,510 ,419 ,448 ,446 ,459 ,465 ,451 ,430 ,419 ,337 ,337 ,430 ,469 ,480 ,579 ,814 ,840 ,880 ,997 ,1032 ,1066 ,977 
부산,남구,3310 ,3162 ,3188 ,3410 ,3155 ,3211 ,3054 ,2910 ,2914 ,2541 ,2199 ,2289 ,2110 ,1950 ,1895 ,2222 ,2073 ,1932 ,2120 ,2139 ,2214 ,2013 ,1799 ,1677 ,1718 ,1793 ,1713 ,1718 ,1669 ,1535 ,1491 ,1319 ,1095 ,1215 ,1104 ,1045 ,968 ,1183 ,1041 ,971 ,1069 ,1093 ,1116 ,1034 ,1511 ,1485 ,1470 ,1617 ,1442 ,1493 ,1385 ,1375 ,1423 ,1222 ,1104 ,1074 ,1006 ,905 ,927 ,1039 ,1032 ,961 ,1051 ,1046 ,1098 ,979 
부산,동구,1449 ,1361 ,1282 ,1207 ,1097 ,1104 ,1018 ,897 ,829 ,745 ,594 ,591 ,517 ,448 ,454 ,507 ,428 ,388 ,403 ,435 ,404 ,422 ,763 ,747 ,651 ,673 ,578 ,577 ,550 ,451 ,442 ,394 ,313 ,314 ,281 ,225 ,216 ,256 ,219 ,192 ,203 ,223 ,206 ,224 ,686 ,614 ,631 ,534 ,519 ,527 ,468 ,446 ,387 ,351 ,281 ,277 ,236 ,223 ,238 ,251 ,209 ,196 ,200 ,212 ,198 ,198 
부산,동래구,3770 ,3479 ,3442 ,3242 ,2918 ,2754 ,2532 ,2497 ,2532 ,2393 ,1995 ,2088 ,2018 ,1738 ,1857 ,2140 ,2021 ,1856 ,2214 ,2004 ,2225 ,2036 ,2115 ,1936 ,1935 ,1716 ,1593 ,1475 ,1350 ,1320 ,1360 ,1264 ,1035 ,1101 ,1032 ,904 ,950 ,1139 ,1054 ,970 ,1167 ,1032 ,1167 ,1080 ,1655 ,1543 ,1507 ,1526 ,1325 ,1279 ,1182 ,1177 ,1172 ,1129 ,960 ,987 ,986 ,834 ,907 ,1001 ,967 ,886 ,1047 ,972 ,1058 ,956 
부산,부산진구,5727 ,5796 ,5512 ,5417 ,4947 ,4668 ,4171 ,4025 ,4056 ,3635 ,3048 ,3108 ,2917 ,2661 ,2738 ,2900 ,2724 ,2550 ,2673 ,2659 ,2739 ,2372 ,3176 ,3167 ,2983 ,2957 ,2598 ,2501 ,2156 ,2090 ,2183 ,1892 ,1568 ,1602 ,1540 ,1350 ,1404 ,1454 ,1421 ,1288 ,1395 ,1292 ,1386 ,1180 ,2551 ,2629 ,2529 ,2460 ,2349 ,2167 ,2015 ,1935 ,1873 ,1743 ,1480 ,1506 ,1377 ,1311 ,1334 ,1446 ,1303 ,1262 ,1278 ,1367 ,1353 ,1192 
부산,북구,5319 ,5235 ,4990 ,4905 ,4884 ,4731 ,4462 ,4098 ,3951 ,3265 ,2717 ,2638 ,2472 ,2240 ,2273 ,2304 ,2252 ,2203 ,2235 ,2224 ,2275 ,2038 ,2854 ,2822 ,2718 ,2686 ,2646 ,2462 ,2421 ,2232 ,2105 ,1728 ,1421 ,1369 ,1262 ,1200 ,1219 ,1184 ,1165 ,1096 ,1186 ,1141 ,1195 ,1029 ,2465 ,2413 ,2272 ,2219 ,2238 ,2269 ,2041 ,1866 ,1846 ,1537 ,1296 ,1269 ,1210 ,1040 ,1054 ,1120 ,1087 ,1107 ,1049 ,1083 ,1080 ,1009 
부산,사상구,4126 ,4268 ,4180 ,4033 ,3660 ,3278 ,3005 ,2879 ,2684 ,2333 ,1905 ,1826 ,1732 ,1510 ,1526 ,1660 ,1562 ,1394 ,1462 ,1434 ,1489 ,1280 ,2268 ,2313 ,2262 ,2145 ,1985 ,1697 ,1572 ,1494 ,1422 ,1274 ,1015 ,956 ,886 ,748 ,784 ,877 ,791 ,726 ,746 ,748 ,750 ,628 ,1858 ,1955 ,1918 ,1888 ,1675 ,1581 ,1433 ,1385 ,1262 ,1059 ,890 ,870 ,846 ,762 ,742 ,783 ,771 ,668 ,716 ,686 ,739 ,652 
부산,사하구,5776 ,5477 ,5151 ,5114 ,4853 ,4472 ,4343 ,3962 ,3954 ,3446 ,3102 ,2915 ,2765 ,2478 ,2520 ,2714 ,2545 ,2413 ,2498 ,2577 ,2572 ,2145 ,3042 ,2974 ,2785 ,2737 ,2645 ,2268 ,2275 ,2088 ,2106 ,1783 ,1634 ,1522 ,1411 ,1230 ,1280 ,1420 ,1285 ,1253 ,1250 ,1310 ,1290 ,1094 ,2734 ,2503 ,2366 ,2377 ,2208 ,2204 ,2068 ,1874 ,1848 ,1663 ,1468 ,1393 ,1354 ,1248 ,1240 ,1294 ,1260 ,1160 ,1248 ,1267 ,1282 ,1051 
부산,서구,1662 ,1610 ,1487 ,1438 ,1413 ,1329 ,1172 ,1187 ,1088 ,905 ,740 ,761 ,711 ,589 ,626 ,688 ,599 ,572 ,644 ,615 ,655 ,561 ,877 ,847 ,830 ,752 ,750 ,691 ,624 ,657 ,549 ,467 ,392 ,415 ,342 ,303 ,316 ,354 ,283 ,304 ,317 ,323 ,336 ,322 ,785 ,763 ,657 ,686 ,663 ,638 ,548 ,530 ,539 ,438 ,348 ,346 ,369 ,286 ,310 ,334 ,316 ,268 ,327 ,292 ,319 ,239 
부산,수영구,2304 ,2183 ,1927 ,1884 ,1831 ,1736 ,1703 ,1622 ,1622 ,1365 ,1237 ,1273 ,1172 ,1058 ,1010 ,1098 ,1102 ,1017 ,992 ,1089 ,1042 ,970 ,1215 ,1209 ,1089 ,1035 ,968 ,871 ,899 ,863 ,834 ,708 ,630 ,657 ,616 ,565 ,545 ,550 ,557 ,532 ,528 ,555 ,535 ,518 ,1089 ,974 ,838 ,849 ,863 ,865 ,804 ,759 ,788 ,657 ,607 ,616 ,556 ,493 ,465 ,548 ,545 ,485 ,464 ,534 ,507 ,452 
부산,연제구,2884 ,2810 ,2691 ,2719 ,2588 ,2495 ,2390 ,2223 ,2242 ,1869 ,1698 ,1765 ,1596 ,1576 ,1552 ,1657 ,1570 ,1472 ,1650 ,1675 ,1654 ,1564 ,1562 ,1554 ,1499 ,1494 ,1445 ,1291 ,1303 ,1180 ,1182 ,985 ,905 ,879 ,820 ,844 ,818 ,882 ,806 ,783 ,824 ,885 ,829 ,764 ,1322 ,1256 ,1192 ,1225 ,1143 ,1204 ,1087 ,1043 ,1060 ,884 ,793 ,886 ,776 ,732 ,734 ,775 ,764 ,689 ,826 ,790 ,825 ,800 
부산,영도구,2243 ,2048 ,1976 ,1809 ,1792 ,1679 ,1485 ,1451 ,1347 ,1200 ,983 ,965 ,832 ,716 ,746 ,776 ,731 ,617 ,708 ,686 ,645 ,589 ,1226 ,1109 ,1042 ,911 ,936 ,861 ,779 ,782 ,701 ,628 ,498 ,522 ,416 ,357 ,377 ,404 ,371 ,316 ,359 ,321 ,348 ,302 ,1017 ,939 ,934 ,898 ,856 ,818 ,706 ,669 ,646 ,572 ,485 ,443 ,416 ,359 ,369 ,372 ,360 ,301 ,349 ,365 ,297 ,287 
부산,중구,687 ,621 ,622 ,608 ,578 ,538 ,513 ,466 ,477 ,425 ,389 ,365 ,341 ,316 ,275 ,280 ,250 ,245 ,270 ,229 ,229 ,209 ,352 ,337 ,320 ,326 ,301 ,268 ,268 ,235 ,252 ,226 ,194 ,208 ,161 ,162 ,142 ,135 ,138 ,135 ,129 ,115 ,125 ,114 ,335 ,284 ,302 ,282 ,277 ,270 ,245 ,231 ,225 ,199 ,195 ,157 ,180 ,154 ,133 ,145 ,112 ,110 ,141 ,114 ,104 ,95 
부산,해운대구,6690 ,6263 ,6077 ,6080 ,5795 ,5275 ,5080 ,4961 ,5229 ,4718 ,3918 ,3965 ,3703 ,3386 ,3499 ,3694 ,3424 ,3149 ,3285 ,3294 ,3398 ,3075 ,3610 ,3359 ,3285 ,3246 ,3112 ,2802 ,2713 ,2620 ,2808 ,2477 ,2064 ,2094 ,1915 ,1774 ,1789 ,1874 ,1774 ,1615 ,1711 ,1710 ,1793 ,1598 ,3080 ,2904 ,2792 ,2834 ,2683 ,2473 ,2367 ,2341 ,2421 ,2241 ,1854 ,1871 ,1788 ,1612 ,1710 ,1820 ,1650 ,1534 ,1574 ,1584 ,1605 ,1477 
대구,남구,2265 ,2103 ,2029 ,1988 ,1914 ,1723 ,1596 ,1497 ,1479 ,1247 ,1079 ,1102 ,954 ,894 ,857 ,938 ,832 ,779 ,731 ,732 ,737 ,720 ,1204 ,1160 ,1093 ,1051 ,1057 ,895 ,839 ,776 ,751 ,656 ,576 ,568 ,497 ,476 ,475 ,495 ,445 ,382 ,386 ,389 ,371 ,353 ,1061 ,943 ,936 ,937 ,857 ,828 ,757 ,721 ,728 ,591 ,503 ,534 ,457 ,418 ,382 ,443 ,387 ,397 ,345 ,343 ,366 ,367 
대구,달서구,9976 ,9999 ,10133 ,10173 ,9634 ,9293 ,8476 ,8163 ,8042 ,6937 ,5990 ,6108 ,5784 ,5386 ,5330 ,5906 ,5526 ,5193 ,5415 ,5249 ,5343 ,4632 ,5563 ,5512 ,5529 ,5495 ,5087 ,4898 ,4604 ,4297 ,4282 ,3664 ,3171 ,3217 ,3043 ,2812 ,2746 ,2978 ,2906 ,2742 ,2796 ,2636 ,2677 ,2364 ,4413 ,4487 ,4604 ,4678 ,4547 ,4395 ,3872 ,3866 ,3760 ,3273 ,2819 ,2891 ,2741 ,2574 ,2584 ,2928 ,2620 ,2451 ,2619 ,2613 ,2666 ,2268 
대구,달성군,2825 ,2744 ,2880 ,2868 ,2752 ,2731 ,2476 ,2404 ,2303 ,2029 ,1877 ,1945 ,1797 ,1772 ,1761 ,1921 ,1896 ,1916 ,2687 ,2910 ,3044 ,2880 ,1556 ,1500 ,1599 ,1551 ,1470 ,1422 ,1350 ,1261 ,1213 ,1086 ,1045 ,1021 ,935 ,930 ,917 ,986 ,986 ,955 ,1377 ,1510 ,1569 ,1481 ,1269 ,1244 ,1281 ,1317 ,1282 ,1309 ,1126 ,1143 ,1090 ,943 ,832 ,924 ,862 ,842 ,844 ,935 ,910 ,961 ,1310 ,1400 ,1475 ,1399 
대구,동구,4756 ,4629 ,4534 ,4541 ,4109 ,4230 ,3996 ,3968 ,3791 ,3275 ,2902 ,2923 ,2814 ,2567 ,2592 ,3072 ,2929 ,2890 ,3072 ,3015 ,3154 ,2723 ,2628 ,2529 ,2440 ,2449 ,2161 ,2272 ,2195 ,2121 ,2076 ,1747 ,1576 ,1465 ,1469 ,1364 ,1385 ,1524 ,1485 ,1518 ,1578 ,1579 ,1644 ,1361 ,2128 ,2100 ,2094 ,2092 ,1948 ,1958 ,1801 ,1847 ,1715 ,1528 ,1326 ,1458 ,1345 ,1203 ,1207 ,1548 ,1444 ,1372 ,1494 ,1436 ,1510 ,1362 
대구,북구,6463 ,6619 ,6424 ,6765 ,6835 ,7153 ,6754 ,6792 ,6744 ,6031 ,4987 ,5034 ,4559 ,4205 ,4109 ,4452 ,4014 ,3662 ,3816 ,3807 ,3864 ,3458 ,3635 ,3668 ,3496 ,3571 ,3622 ,3802 ,3680 ,3679 ,3575 ,3166 ,2708 ,2655 ,2390 ,2215 ,2121 ,2303 ,2085 ,1862 ,1988 ,1943 ,1967 ,1754 ,2828 ,2951 ,2928 ,3194 ,3213 ,3351 ,3074 ,3113 ,3169 ,2865 ,2279 ,2379 ,2169 ,1990 ,1988 ,2149 ,1929 ,1800 ,1828 ,1864 ,1897 ,1704 
대구,서구,4004 ,3837 ,3474 ,3485 ,3088 ,2951 ,2527 ,2436 ,2194 ,1865 ,1606 ,1514 ,1332 ,1158 ,1136 ,1204 ,1080 ,1028 ,991 ,1018 ,1024 ,869 ,2214 ,2124 ,1968 ,1918 ,1658 ,1531 ,1354 ,1287 ,1158 ,949 ,856 ,794 ,693 ,609 ,570 ,600 ,548 ,498 ,509 ,531 ,509 ,424 ,1790 ,1713 ,1506 ,1567 ,1430 ,1420 ,1173 ,1149 ,1036 ,916 ,750 ,720 ,639 ,549 ,566 ,604 ,532 ,530 ,482 ,487 ,515 ,445 
대구,수성구,5870 ,5729 ,5639 ,5722 ,5532 ,5255 ,4768 ,4689 ,4993 ,4504 ,3890 ,4270 ,3937 ,3731 ,3735 ,4119 ,3821 ,3558 ,3571 ,3553 ,3675 ,3323 ,3328 ,3248 ,3167 ,3111 ,3065 ,2845 ,2546 ,2496 ,2655 ,2423 ,2075 ,2302 ,2079 ,1986 ,1982 ,2146 ,1990 ,1874 ,1852 ,1778 ,1919 ,1689 ,2542 ,2481 ,2472 ,2611 ,2467 ,2410 ,2222 ,2193 ,2338 ,2081 ,1815 ,1968 ,1858 ,1745 ,1753 ,1973 ,1831 ,1684 ,1719 ,1775 ,1756 ,1634 
대구,중구,1332 ,1290 ,1242 ,1212 ,1127 ,1086 ,969 ,980 ,897 ,851 ,754 ,760 ,717 ,626 ,701 ,735 ,725 ,686 ,735 ,797 ,787 ,717 ,744 ,728 ,665 ,626 ,600 ,582 ,525 ,528 ,457 ,435 ,401 ,405 ,359 ,330 ,346 ,391 ,380 ,370 ,385 ,416 ,436 ,361 ,588 ,562 ,577 ,586 ,527 ,504 ,444 ,452 ,440 ,416 ,353 ,355 ,358 ,296 ,355 ,344 ,345 ,316 ,350 ,381 ,351 ,356 
인천,강화군,689 ,661 ,696 ,654 ,633 ,624 ,598 ,564 ,584 ,444 ,422 ,430 ,381 ,411 ,377 ,422 ,382 ,394 ,402 ,386 ,353 ,334 ,380 ,341 ,371 ,331 ,320 ,333 ,307 ,295 ,302 ,217 ,229 ,230 ,188 ,203 ,183 ,217 ,186 ,210 ,213 ,204 ,183 ,166 ,309 ,320 ,325 ,323 ,313 ,291 ,291 ,269 ,282 ,227 ,193 ,200 ,193 ,208 ,194 ,205 ,196 ,184 ,189 ,182 ,170 ,168 
인천,계양구,7523 ,7028 ,6928 ,6496 ,6156 ,5472 ,5097 ,5026 ,4703 ,4164 ,3533 ,3450 ,3241 ,2837 ,2919 ,3228 ,2964 ,2720 ,2836 ,2606 ,2465 ,2091 ,3878 ,3740 ,3693 ,3427 ,3228 ,2841 ,2596 ,2619 ,2465 ,2189 ,1901 ,1737 ,1688 ,1446 ,1512 ,1646 ,1488 ,1426 ,1430 ,1319 ,1258 ,1085 ,3645 ,3288 ,3235 ,3069 ,2928 ,2631 ,2501 ,2407 ,2238 ,1975 ,1632 ,1713 ,1553 ,1391 ,1407 ,1582 ,1476 ,1294 ,1406 ,1287 ,1207 ,1006 
인천,남동구,7168 ,6928 ,6846 ,6650 ,6182 ,5660 ,5265 ,4825 ,4998 ,4829 ,4281 ,4753 ,4547 ,4400 ,4671 ,5134 ,4980 ,5079 ,5243 ,5242 ,5246 ,4656 ,3711 ,3592 ,3663 ,3441 ,3289 ,2963 ,2758 ,2540 ,2578 ,2546 ,2202 ,2476 ,2375 ,2279 ,2497 ,2624 ,2508 ,2599 ,2696 ,2696 ,2679 ,2338 ,3457 ,3336 ,3183 ,3209 ,2893 ,2697 ,2507 ,2285 ,2420 ,2283 ,2079 ,2277 ,2172 ,2121 ,2174 ,2510 ,2472 ,2480 ,2547 ,2546 ,2567 ,2318 
인천,동구,1192 ,1098 ,1014 ,977 ,983 ,1051 ,1014 ,940 ,853 ,805 ,756 ,796 ,859 ,742 ,747 ,839 ,754 ,704 ,714 ,663 ,658 ,539 ,611 ,601 ,555 ,500 ,530 ,520 ,529 ,494 ,444 ,408 ,379 ,377 ,429 ,382 ,394 ,415 ,378 ,332 ,361 ,345 ,325 ,286 ,581 ,497 ,459 ,477 ,453 ,531 ,485 ,446 ,409 ,397 ,377 ,419 ,430 ,360 ,353 ,424 ,376 ,372 ,353 ,318 ,333 ,253 
인천,미추홀구,5610 ,5374 ,5268 ,4881 ,4759 ,4761 ,4414 ,4134 ,3996 ,3619 ,3246 ,3326 ,3056 ,2839 ,2839 ,3190 ,2972 ,2826 ,3076 ,3200 ,3144 ,2815 ,2903 ,2864 ,2759 ,2581 ,2467 ,2422 ,2288 ,2182 ,2135 ,1865 ,1704 ,1727 ,1576 ,1423 ,1448 ,1712 ,1545 ,1423 ,1561 ,1674 ,1633 ,1453 ,2707 ,2510 ,2509 ,2300 ,2292 ,2339 ,2126 ,1952 ,1861 ,1754 ,1542 ,1599 ,1480 ,1416 ,1391 ,1478 ,1427 ,1403 ,1515 ,1526 ,1511 ,1362 
인천,부평구,9456 ,9296 ,9161 ,8884 ,8130 ,7992 ,7264 ,7182 ,7082 ,6146 ,5409 ,5382 ,4839 ,4485 ,4448 ,5006 ,4537 ,4474 ,4338 ,4209 ,4246 ,3626 ,4919 ,4901 ,4869 ,4670 ,4243 ,4162 ,3813 ,3811 ,3665 ,3118 ,2781 ,2831 ,2526 ,2343 ,2329 ,2590 ,2358 ,2305 ,2237 ,2171 ,2170 ,1832 ,4537 ,4395 ,4292 ,4214 ,3887 ,3830 ,3451 ,3371 ,3417 ,3028 ,2628 ,2551 ,2313 ,2142 ,2119 ,2416 ,2179 ,2169 ,2101 ,2038 ,2076 ,1794 
인천,서구,6749 ,6836 ,6678 ,6533 ,5943 ,6083 ,6012 ,5811 ,5944 ,5415 ,4458 ,4697 ,4511 ,4547 ,5127 ,5649 ,5471 ,5111 ,5554 ,5863 ,5921 ,5318 ,3463 ,3679 ,3500 ,3433 ,3025 ,3054 ,3115 ,3028 ,3110 ,2855 ,2249 ,2443 ,2310 ,2382 ,2642 ,2854 ,2745 ,2657 ,2862 ,3035 ,3095 ,2705 ,3286 ,3157 ,3178 ,3100 ,2918 ,3029 ,2897 ,2783 ,2834 ,2560 ,2209 ,2254 ,2201 ,2165 ,2485 ,2795 ,2726 ,2454 ,2692 ,2828 ,2826 ,2613 
인천,연수구,5468 ,4740 ,4515 ,4283 ,4025 ,3818 ,3459 ,3615 ,3695 ,3103 ,2692 ,2810 ,2675 ,2614 ,2738 ,3203 ,3134 ,3226 ,3514 ,3667 ,3981 ,3979 ,2836 ,2545 ,2404 ,2278 ,2141 ,2017 ,1802 ,1895 ,1964 ,1596 ,1416 ,1408 ,1400 ,1304 ,1409 ,1673 ,1630 ,1686 ,1827 ,1873 ,2017 ,2025 ,2632 ,2195 ,2111 ,2005 ,1884 ,1801 ,1657 ,1720 ,1731 ,1507 ,1276 ,1402 ,1275 ,1310 ,1329 ,1530 ,1504 ,1540 ,1687 ,1794 ,1964 ,1954 
인천,옹진군,145 ,139 ,107 ,137 ,127 ,167 ,178 ,147 ,164 ,121 ,118 ,119 ,114 ,90 ,122 ,118 ,107 ,114 ,111 ,108 ,102 ,97 ,76 ,76 ,62 ,73 ,75 ,88 ,99 ,75 ,69 ,67 ,59 ,64 ,53 ,51 ,57 ,50 ,55 ,62 ,57 ,63 ,47 ,52 ,69 ,63 ,45 ,64 ,52 ,79 ,79 ,72 ,95 ,54 ,59 ,55 ,61 ,39 ,65 ,68 ,52 ,52 ,54 ,45 ,55 ,45 
인천,중구,990 ,1032 ,925 ,1062 ,1153 ,1390 ,1236 ,1273 ,1224 ,1073 ,896 ,938 ,1006 ,877 ,1066 ,1343 ,1244 ,1201 ,1244 ,1345 ,1442 ,1391 ,521 ,537 ,478 ,560 ,584 ,734 ,648 ,639 ,641 ,574 ,489 ,490 ,515 ,477 ,572 ,668 ,623 ,612 ,643 ,690 ,746 ,714 ,469 ,495 ,447 ,502 ,569 ,656 ,588 ,634 ,583 ,499 ,407 ,448 ,491 ,400 ,494 ,675 ,621 ,589 ,601 ,655 ,696 ,677 
광주,광산구,5612 ,5634 ,5555 ,5730 ,5817 ,6216 ,5977 ,5969 ,6255 ,5410 ,4689 ,5399 ,5118 ,4901 ,5131 ,5817 ,5397 ,5163 ,5323 ,5100 ,5395 ,4616 ,2969 ,3026 ,2912 ,2992 ,2999 ,3276 ,3099 ,3103 ,3243 ,2767 ,2432 ,2796 ,2683 ,2544 ,2682 ,3039 ,2739 ,2606 ,2737 ,2664 ,2820 ,2337 ,2643 ,2608 ,2643 ,2738 ,2818 ,2940 ,2878 ,2866 ,3012 ,2643 ,2257 ,2603 ,2435 ,2357 ,2449 ,2778 ,2658 ,2557 ,2586 ,2436 ,2575 ,2279 
광주,남구,3169 ,3194 ,3070 ,3040 ,2673 ,2578 ,2555 ,2418 ,2471 ,2224 ,1999 ,1931 ,1908 ,1764 ,1941 ,2074 ,2076 ,1985 ,2240 ,2195 ,2317 ,2173 ,1657 ,1703 ,1626 ,1575 ,1404 ,1348 ,1346 ,1235 ,1323 ,1139 ,1036 ,1029 ,1008 ,923 ,990 ,1054 ,1076 ,1030 ,1143 ,1123 ,1205 ,1101 ,1512 ,1491 ,1444 ,1465 ,1269 ,1230 ,1209 ,1183 ,1148 ,1085 ,963 ,902 ,900 ,841 ,951 ,1020 ,1000 ,955 ,1097 ,1072 ,1112 ,1072 
광주,동구,1701 ,1527 ,1526 ,1360 ,1328 ,1353 ,1307 ,1144 ,1136 ,929 ,803 ,810 ,742 ,619 ,673 ,608 ,530 ,496 ,560 ,578 ,587 ,571 ,915 ,813 ,817 ,698 ,680 ,722 ,712 ,568 ,598 ,501 ,416 ,460 ,361 ,331 ,350 ,303 ,270 ,263 ,300 ,276 ,292 ,295 ,786 ,714 ,709 ,662 ,648 ,631 ,595 ,576 ,538 ,428 ,387 ,350 ,381 ,288 ,323 ,305 ,260 ,233 ,260 ,302 ,295 ,276 
광주,북구,7804 ,7639 ,7487 ,7565 ,7076 ,6765 ,6331 ,6100 ,6438 ,5661 ,4955 ,4979 ,4554 ,3765 ,3856 ,4308 ,3986 ,3883 ,3957 ,3978 ,4081 ,3635 ,4106 ,4042 ,3969 ,3943 ,3681 ,3426 ,3265 ,3181 ,3417 ,2993 ,2583 ,2630 ,2408 ,1960 ,2003 ,2305 ,2051 ,2076 ,2018 ,2058 ,2110 ,1904 ,3698 ,3597 ,3518 ,3622 ,3395 ,3339 ,3066 ,2919 ,3021 ,2668 ,2372 ,2349 ,2146 ,1805 ,1853 ,2003 ,1935 ,1807 ,1939 ,1920 ,1971 ,1731 
광주,서구,4318 ,4611 ,5128 ,5457 ,5457 ,5492 ,5128 ,4969 ,4807 ,4168 ,3423 ,3339 ,3064 ,2893 ,2924 ,3174 ,2852 ,2724 ,2820 ,2794 ,2803 ,2547 ,2242 ,2411 ,2686 ,2844 ,2888 ,2867 ,2687 ,2575 ,2552 ,2153 ,1863 ,1788 ,1571 ,1482 ,1520 ,1665 ,1455 ,1387 ,1472 ,1445 ,1472 ,1313 ,2076 ,2200 ,2442 ,2613 ,2569 ,2625 ,2441 ,2394 ,2255 ,2015 ,1560 ,1551 ,1493 ,1411 ,1404 ,1509 ,1397 ,1337 ,1348 ,1349 ,1331 ,1234 
대전,대덕구,3434 ,3983 ,3963 ,3882 ,3865 ,3638 ,3610 ,3208 ,3054 ,2610 ,2186 ,2264 ,2074 ,1747 ,1763 ,1929 ,1721 ,1575 ,1553 ,1510 ,1376 ,1269 ,1868 ,2194 ,2101 ,1976 ,2020 ,2000 ,1859 ,1715 ,1602 ,1388 ,1140 ,1141 ,1093 ,916 ,927 ,997 ,849 ,834 ,831 ,792 ,716 ,661 ,1566 ,1789 ,1862 ,1906 ,1845 ,1638 ,1751 ,1493 ,1452 ,1222 ,1046 ,1123 ,981 ,831 ,836 ,932 ,872 ,741 ,722 ,718 ,660 ,608 
대전,동구,3609 ,3370 ,3181 ,3230 ,2932 ,2844 ,2598 ,2412 ,2570 ,2425 ,2150 ,2165 ,2111 ,2070 ,2170 ,2378 ,2140 ,1971 ,1953 ,1931 ,1869 ,1637 ,1874 ,1774 ,1669 ,1738 ,1544 ,1495 ,1353 ,1285 ,1342 ,1280 ,1142 ,1116 ,1076 ,1077 ,1115 ,1224 ,1105 ,1035 ,999 ,960 ,929 ,803 ,1735 ,1596 ,1512 ,1492 ,1388 ,1349 ,1245 ,1127 ,1228 ,1145 ,1008 ,1049 ,1035 ,993 ,1055 ,1154 ,1035 ,936 ,954 ,971 ,940 ,834 
대전,서구,8283 ,7838 ,7786 ,7779 ,7464 ,7442 ,7007 ,6744 ,6753 ,5760 ,5098 ,5198 ,5017 ,4427 ,4487 ,4873 ,4476 ,4253 ,4454 ,4459 ,4556 ,4192 ,4394 ,4179 ,4228 ,4138 ,3972 ,3823 ,3677 ,3507 ,3511 ,3009 ,2655 ,2641 ,2593 ,2265 ,2332 ,2428 ,2316 ,2210 ,2299 ,2294 ,2339 ,2171 ,3889 ,3659 ,3558 ,3641 ,3492 ,3619 ,3330 ,3237 ,3242 ,2751 ,2443 ,2557 ,2424 ,2162 ,2155 ,2445 ,2160 ,2043 ,2155 ,2165 ,2217 ,2021 
대전,유성구,3310 ,3093 ,3217 ,3476 ,3494 ,3580 ,3737 ,3850 ,4179 ,3866 ,3563 ,3738 ,3743 ,3627 ,3957 ,4268 ,4122 ,3830 ,4067 ,4099 ,4129 ,3737 ,1736 ,1665 ,1725 ,1850 ,1835 ,1884 ,1955 ,1986 ,2179 ,2022 ,1859 ,1989 ,1921 ,1932 ,2087 ,2193 ,2124 ,1930 ,2108 ,2141 ,2141 ,1874 ,1574 ,1428 ,1492 ,1626 ,1659 ,1696 ,1782 ,1864 ,2000 ,1844 ,1704 ,1749 ,1822 ,1695 ,1870 ,2075 ,1998 ,1900 ,1959 ,1958 ,1988 ,1863 
대전,중구,3543 ,3468 ,3784 ,3649 ,3625 ,3525 ,3442 ,3230 ,3263 ,2883 ,2614 ,2627 ,2421 ,2314 ,2339 ,2546 ,2374 ,2067 ,2166 ,2057 ,2024 ,1788 ,1915 ,1848 ,1987 ,1976 ,1900 ,1824 ,1812 ,1704 ,1661 ,1520 ,1388 ,1357 ,1246 ,1204 ,1191 ,1329 ,1255 ,1053 ,1086 ,1067 ,1038 ,920 ,1628 ,1620 ,1797 ,1673 ,1725 ,1701 ,1630 ,1526 ,1602 ,1363 ,1226 ,1270 ,1175 ,1110 ,1148 ,1217 ,1119 ,1014 ,1080 ,990 ,986 ,868 
울산,남구,5521 ,5064 ,4986 ,5093 ,4940 ,4858 ,4773 ,4444 ,4442 ,3677 ,3078 ,3139 ,2933 ,2648 ,2734 ,2968 ,2840 ,2702 ,2649 ,2678 ,2817 ,2519 ,3109 ,2755 ,2731 ,2762 ,2651 ,2514 ,2583 ,2343 ,2355 ,1979 ,1617 ,1664 ,1576 ,1402 ,1383 ,1563 ,1482 ,1411 ,1410 ,1414 ,1450 ,1270 ,2412 ,2309 ,2255 ,2331 ,2289 ,2344 ,2190 ,2101 ,2087 ,1698 ,1461 ,1475 ,1357 ,1246 ,1351 ,1405 ,1358 ,1291 ,1239 ,1264 ,1367 ,1249 
울산,동구,3378 ,3183 ,3038 ,2654 ,2819 ,2619 ,2392 ,2335 ,2330 ,1900 ,1647 ,1672 ,1581 ,1500 ,1650 ,1879 ,1775 ,1772 ,1890 ,1869 ,1920 ,1680 ,1838 ,1779 ,1669 ,1434 ,1527 ,1378 ,1270 ,1227 ,1195 ,979 ,835 ,903 ,825 ,801 ,883 ,950 ,941 ,900 ,997 ,975 ,981 ,867 ,1540 ,1404 ,1369 ,1220 ,1292 ,1241 ,1122 ,1108 ,1135 ,921 ,812 ,769 ,756 ,699 ,767 ,929 ,834 ,872 ,893 ,894 ,939 ,813 
울산,북구,3075 ,3120 ,3312 ,3039 ,2857 ,2936 ,2763 ,2620 ,2553 ,2380 ,2016 ,2132 ,2142 ,2068 ,2248 ,2526 ,2349 ,2278 ,2446 ,2599 ,2828 ,2713 ,1669 ,1735 ,1764 ,1651 ,1562 ,1536 ,1478 ,1412 ,1333 ,1290 ,1099 ,1161 ,1117 ,1054 ,1152 ,1284 ,1211 ,1223 ,1225 ,1328 ,1459 ,1396 ,1406 ,1385 ,1548 ,1388 ,1295 ,1400 ,1285 ,1208 ,1220 ,1090 ,917 ,971 ,1025 ,1014 ,1096 ,1242 ,1138 ,1055 ,1221 ,1271 ,1369 ,1317 
울산,울주군,3463 ,3899 ,3797 ,3990 ,3744 ,3665 ,3185 ,3077 ,3046 ,2830 ,2377 ,2381 ,2323 ,2213 ,2145 ,2461 ,2325 ,2179 ,2320 ,2262 ,2328 ,2032 ,1806 ,2174 ,2072 ,2123 ,1999 ,1900 ,1660 ,1609 ,1589 ,1506 ,1262 ,1248 ,1228 ,1157 ,1160 ,1243 ,1222 ,1093 ,1183 ,1199 ,1143 ,1016 ,1657 ,1725 ,1725 ,1867 ,1745 ,1765 ,1525 ,1468 ,1457 ,1324 ,1115 ,1133 ,1095 ,1056 ,985 ,1218 ,1103 ,1086 ,1137 ,1063 ,1185 ,1016 
울산,중구,3873 ,3839 ,3476 ,3831 ,3494 ,3255 ,3166 ,2927 ,2782 ,2477 ,1997 ,2069 ,1893 ,1696 ,1774 ,2023 ,2063 ,2079 ,2179 ,2181 ,2188 ,1911 ,2118 ,2094 ,1932 ,2117 ,1877 ,1750 ,1763 ,1567 ,1503 ,1340 ,1061 ,1134 ,1003 ,894 ,949 ,1048 ,1059 ,1113 ,1146 ,1134 ,1187 ,974 ,1755 ,1745 ,1544 ,1714 ,1617 ,1505 ,1403 ,1360 ,1279 ,1137 ,936 ,935 ,890 ,802 ,825 ,975 ,1004 ,966 ,1033 ,1047 ,1001 ,937 
세종,세종시,0 ,0 ,0 ,0 ,0 ,0 ,0 ,0 ,0 ,0 ,0 ,0 ,0 ,0 ,1182 ,1504 ,2578 ,3248 ,3839 ,4442 ,5004 ,4879 ,0 ,0 ,0 ,0 ,0 ,0 ,0 ,0 ,0 ,0 ,0 ,0 ,0 ,0 ,609 ,741 ,1287 ,1649 ,1968 ,2310 ,2576 ,2489 ,0 ,0 ,0 ,0 ,0 ,0 ,0 ,0 ,0 ,0 ,0 ,0 ,0 ,0 ,573 ,763 ,1291 ,1599 ,1871 ,2132 ,2428 ,2390 
경기,가평군,786 ,710 ,684 ,685 ,666 ,687 ,595 ,595 ,596 ,548 ,478 ,463 ,494 ,447 ,440 ,450 ,438 ,418 ,459 ,422 ,436 ,357 ,399 ,390 ,365 ,371 ,339 ,343 ,314 ,329 ,290 ,293 ,254 ,254 ,261 ,236 ,233 ,234 ,224 ,217 ,238 ,196 ,204 ,189 ,387 ,320 ,319 ,314 ,327 ,344 ,281 ,266 ,306 ,255 ,224 ,209 ,233 ,211 ,207 ,216 ,214 ,201 ,221 ,226 ,232 ,168 
경기,고양시,15650 ,14970 ,14960 ,14755 ,14201 ,13970 ,13486 ,13135 ,12914 ,11133 ,9576 ,9935 ,9446 ,8370 ,8587 ,9425 ,9234 ,8646 ,9165 ,9095 ,9283 ,8550 ,8052 ,8039 ,7906 ,7722 ,7510 ,7228 ,7023 ,6893 ,6765 ,5808 ,4986 ,5232 ,4811 ,4267 ,4387 ,4870 ,4715 ,4490 ,4721 ,4631 ,4787 ,4305 ,7598 ,6931 ,7054 ,7033 ,6691 ,6742 ,6463 ,6242 ,6149 ,5325 ,4590 ,4703 ,4635 ,4103 ,4200 ,4555 ,4519 ,4156 ,4444 ,4464 ,4496 ,4245 
경기,과천시,1238 ,1247 ,1219 ,1193 ,1188 ,1139 ,902 ,747 ,722 ,724 ,757 ,711 ,677 ,606 ,590 ,578 ,554 ,496 ,440 ,418 ,466 ,483 ,651 ,664 ,662 ,598 ,634 ,621 ,472 ,391 ,358 ,401 ,390 ,391 ,349 ,312 ,331 ,304 ,278 ,258 ,229 ,205 ,242 ,253 ,587 ,583 ,557 ,595 ,554 ,518 ,430 ,356 ,364 ,323 ,367 ,320 ,328 ,294 ,259 ,274 ,276 ,238 ,211 ,213 ,224 ,230 
경기,광명시,6166 ,5822 ,5581 ,5469 ,4993 ,4910 ,4460 ,4207 ,4084 ,3661 ,3051 ,3376 ,3560 ,3308 ,3595 ,3800 ,3612 ,3274 ,3272 ,3176 ,3071 ,2623 ,3287 ,3132 ,2960 ,2961 ,2647 ,2488 ,2324 ,2153 ,2112 ,1881 ,1612 ,1785 ,1794 ,1765 ,1859 ,1877 ,1822 ,1735 ,1651 ,1654 ,1575 ,1355 ,2879 ,2690 ,2621 ,2508 ,2346 ,2422 ,2136 ,2054 ,1972 ,1780 ,1439 ,1591 ,1766 ,1543 ,1736 ,1923 ,1790 ,1539 ,1621 ,1522 ,1496 ,1268 
경기,광주시,2079 ,2062 ,2449 ,2534 ,2958 ,3042 ,3205 ,3238 ,3165 ,2910 ,2634 ,2600 ,2694 ,2576 ,2725 ,3122 ,2939 ,2816 ,3151 ,3451 ,3728 ,3312 ,1075 ,1071 ,1274 ,1300 ,1534 ,1570 ,1644 ,1706 ,1636 ,1532 ,1357 ,1361 ,1385 ,1312 ,1405 ,1535 ,1461 ,1424 ,1628 ,1781 ,1931 ,1680 ,1004 ,991 ,1175 ,1234 ,1424 ,1472 ,1561 ,1532 ,1529 ,1378 ,1277 ,1239 ,1309 ,1264 ,1320 ,1587 ,1478 ,1392 ,1523 ,1670 ,1797 ,1632 
경기,구리시,3023 ,2933 ,2958 ,3276 ,3021 ,3100 ,2828 ,2642 ,2758 ,2364 ,1946 ,1999 ,1831 ,1653 ,1736 ,1802 ,1607 ,1524 ,1598 ,1693 ,1806 ,1598 ,1607 ,1517 ,1563 ,1741 ,1565 ,1595 ,1471 ,1372 ,1414 ,1227 ,1006 ,1015 ,938 ,919 ,946 ,954 ,784 ,804 ,839 ,853 ,929 ,845 ,1416 ,1416 ,1395 ,1535 ,1456 ,1505 ,1357 ,1270 ,1344 ,1137 ,940 ,984 ,893 ,734 ,790 ,848 ,823 ,720 ,759 ,840 ,877 ,753 
경기,군포시,5227 ,4757 ,4689 ,4400 ,4254 ,4160 ,4173 ,3973 ,3855 ,3383 ,2938 ,3089 ,2990 ,2753 ,2838 ,2995 ,2892 ,2679 ,2682 ,2625 ,2511 ,2338 ,2756 ,2565 ,2475 ,2370 ,2285 ,2087 ,2143 ,2117 ,1978 ,1702 ,1511 ,1593 ,1550 ,1400 ,1463 ,1551 ,1507 ,1361 ,1415 ,1346 ,1291 ,1185 ,2471 ,2192 ,2214 ,2030 ,1969 ,2073 ,2030 ,1856 ,1877 ,1681 ,1427 ,1496 ,1440 ,1353 ,1375 ,1444 ,1385 ,1318 ,1267 ,1279 ,1220 ,1153 
경기,김포시,2388 ,2797 ,3124 ,3396 ,3570 ,3429 ,3319 ,3015 ,3002 ,2489 ,2447 ,2576 ,2662 ,2601 ,3302 ,3827 ,4265 ,4133 ,4856 ,5362 ,6010 ,5412 ,1275 ,1390 ,1654 ,1760 ,1889 ,1785 ,1747 ,1573 ,1543 ,1303 ,1271 ,1335 ,1400 ,1357 ,1719 ,1938 ,2158 ,2137 ,2591 ,2712 ,3023 ,2756 ,1113 ,1407 ,1470 ,1636 ,1681 ,1644 ,1572 ,1442 ,1459 ,1186 ,1176 ,1241 ,1262 ,1244 ,1583 ,1889 ,2107 ,1996 ,2265 ,2650 ,2987 ,2656 
경기,남양주시,6210 ,6566 ,6884 ,7011 ,6907 ,6809 ,6821 ,7094 ,7349 ,6727 ,5938 ,6436 ,6648 ,6176 ,6846 ,7590 ,7243 ,7049 ,7192 ,7351 ,7734 ,7055 ,3180 ,3466 ,3544 ,3678 ,3589 ,3471 ,3589 ,3644 ,3846 ,3424 ,3092 ,3320 ,3403 ,3235 ,3544 ,3918 ,3775 ,3628 ,3700 ,3780 ,3947 ,3634 ,3030 ,3100 ,3340 ,3333 ,3318 ,3338 ,3232 ,3450 ,3503 ,3303 ,2846 ,3116 ,3245 ,2941 ,3302 ,3672 ,3468 ,3421 ,3492 ,3571 ,3787 ,3421 
경기,동두천시,1126 ,1170 ,1071 ,1127 ,936 ,1062 ,1098 ,1130 ,1182 ,1020 ,900 ,1015 ,931 ,804 ,896 ,983 ,866 ,863 ,923 ,835 ,803 ,733 ,591 ,659 ,584 ,588 ,485 ,518 ,604 ,582 ,637 ,533 ,454 ,526 ,459 ,413 ,460 ,491 ,414 ,431 ,482 ,439 ,401 ,377 ,535 ,511 ,487 ,539 ,451 ,544 ,494 ,548 ,545 ,487 ,446 ,489 ,472 ,391 ,436 ,492 ,452 ,432 ,441 ,396 ,402 ,356 
경기,부천시,14399 ,13167 ,12705 ,11945 ,12379 ,12207 ,11543 ,10828 ,10575 ,9229 ,8209 ,8247 ,7620 ,6986 ,7249 ,7777 ,7048 ,6657 ,6934 ,7070 ,7059 ,6172 ,7538 ,6996 ,6777 ,6341 ,6472 ,6338 ,5993 ,5591 ,5605 ,4759 ,4289 ,4254 ,3898 ,3558 ,3755 ,3979 ,3609 ,3403 ,3528 ,3575 ,3638 ,3198 ,6861 ,6171 ,5928 ,5604 ,5907 ,5869 ,5550 ,5237 ,4970 ,4470 ,3920 ,3993 ,3722 ,3428 ,3494 ,3798 ,3439 ,3254 ,3406 ,3495 ,3421 ,2974 
경기,성남시,14809 ,14012 ,13435 ,12906 ,12411 ,12282 ,11871 ,11019 ,11167 ,9423 ,8221 ,8852 ,8517 ,7665 ,7917 ,8606 ,7921 ,7483 ,8106 ,7902 ,7813 ,7248 ,7784 ,7479 ,7113 ,6836 ,6540 ,6423 ,6277 ,5664 ,5817 ,4927 ,4231 ,4638 ,4411 ,3948 ,4076 ,4427 ,4067 ,3825 ,4157 ,4071 ,4093 ,3704 ,7025 ,6533 ,6322 ,6070 ,5871 ,5859 ,5594 ,5355 ,5350 ,4496 ,3990 ,4214 ,4106 ,3717 ,3841 ,4179 ,3854 ,3658 ,3949 ,3831 ,3720 ,3544 
경기,수원시,16898 ,17766 ,17710 ,18007 ,17483 ,17135 ,15814 ,14951 ,15240 ,12893 ,11217 ,11610 ,10941 ,10298 ,11042 ,12350 ,11849 ,11258 ,11580 ,11749 ,12205 ,10731 ,8896 ,9271 ,9218 ,9421 ,9202 ,8896 ,8272 ,7802 ,8051 ,6771 ,5832 ,6047 ,5633 ,5241 ,5631 ,6416 ,6089 ,5747 ,5984 ,6072 ,6273 ,5521 ,8002 ,8495 ,8492 ,8586 ,8281 ,8239 ,7542 ,7149 ,7189 ,6122 ,5385 ,5563 ,5308 ,5057 ,5411 ,5934 ,5760 ,5511 ,5596 ,5677 ,5932 ,5210 
경기,시흥시,6555 ,7328 ,7557 ,7697 ,7355 ,7420 ,6855 ,6786 ,6515 ,5613 ,4894 ,4860 ,4589 ,4164 ,4245 ,4395 ,4152 ,4069 ,4248 ,4662 ,5317 ,4959 ,3480 ,3799 ,3967 ,4083 ,3797 ,3750 ,3544 ,3511 ,3415 ,2993 ,2604 ,2513 ,2386 ,2099 ,2122 ,2199 ,2179 ,2106 ,2165 ,2422 ,2756 ,2537 ,3075 ,3529 ,3590 ,3614 ,3558 ,3670 ,3311 ,3275 ,3100 ,2620 ,2290 ,2347 ,2203 ,2065 ,2123 ,2196 ,1973 ,1963 ,2083 ,2240 ,2561 ,2422 
경기,안산시,12200 ,11579 ,11562 ,11968 ,11594 ,11554 ,10931 ,10868 ,10925 ,9352 ,7976 ,7654 ,7397 ,6600 ,6424 ,7139 ,6508 ,5900 ,6090 ,5745 ,5611 ,5094 ,6391 ,6053 ,6110 ,6194 ,6138 ,6061 ,5613 ,5687 ,5737 ,4871 ,4140 ,3947 ,3852 ,3390 ,3298 ,3668 ,3354 ,3037 ,3146 ,2909 ,2815 ,2610 ,5809 ,5526 ,5452 ,5774 ,5456 ,5493 ,5318 ,5181 ,5188 ,4481 ,3836 ,3707 ,3545 ,3210 ,3126 ,3471 ,3154 ,2863 ,2944 ,2836 ,2796 ,2484 
경기,안성시,1847 ,1859 ,1889 ,1998 ,2057 ,2193 ,2120 ,2104 ,2188 ,2127 ,1853 ,1798 ,1852 ,1696 ,1813 ,2031 ,1926 ,1802 ,1809 ,1888 ,1787 ,1681 ,979 ,979 ,974 ,1019 ,1092 ,1122 ,1135 ,1069 ,1167 ,1100 ,990 ,937 ,948 ,876 ,966 ,1044 ,990 ,919 ,938 ,984 ,897 ,886 ,868 ,880 ,915 ,979 ,965 ,1071 ,985 ,1035 ,1021 ,1027 ,863 ,861 ,904 ,820 ,847 ,987 ,936 ,883 ,871 ,904 ,890 ,795 
경기,안양시,9659 ,9345 ,8856 ,9108 ,8697 ,8866 ,8503 ,8070 ,7989 ,6874 ,5819 ,6023 ,5482 ,5104 ,5291 ,5378 ,5127 ,4642 ,4978 ,4837 ,4602 ,4147 ,5111 ,4934 ,4703 ,4825 ,4555 ,4573 ,4437 ,4271 ,4078 ,3592 ,3020 ,3126 ,2893 ,2628 ,2688 ,2845 ,2626 ,2389 ,2583 ,2443 ,2360 ,2145 ,4548 ,4411 ,4153 ,4283 ,4142 ,4293 ,4066 ,3799 ,3911 ,3282 ,2799 ,2897 ,2589 ,2476 ,2603 ,2533 ,2501 ,2253 ,2395 ,2394 ,2242 ,2002 
경기,양주시,1779 ,1875 ,2083 ,2336 ,2342 ,2446 ,2306 ,2475 ,2614 ,2386 ,2175 ,2278 ,2334 ,2112 ,2158 ,2361 ,2212 ,2141 ,2136 ,2187 ,2359 ,2065 ,925 ,979 ,1093 ,1185 ,1230 ,1226 ,1198 ,1290 ,1377 ,1233 ,1146 ,1155 ,1242 ,1104 ,1144 ,1220 ,1111 ,1089 ,1074 ,1100 ,1179 ,1035 ,854 ,896 ,990 ,1151 ,1112 ,1220 ,1108 ,1185 ,1237 ,1153 ,1029 ,1123 ,1092 ,1008 ,1014 ,1141 ,1101 ,1052 ,1062 ,1087 ,1180 ,1030 
경기,양평군,1118 ,1002 ,1002 ,928 ,933 ,907 ,889 ,879 ,798 ,765 ,628 ,722 ,790 ,681 ,776 ,847 ,816 ,822 ,831 ,873 ,840 ,746 ,564 ,526 ,541 ,495 ,462 ,491 ,450 ,487 ,426 ,404 ,346 ,380 ,429 ,361 ,390 ,422 ,410 ,431 ,421 ,444 ,438 ,373 ,554 ,476 ,461 ,433 ,471 ,416 ,439 ,392 ,372 ,361 ,282 ,342 ,361 ,320 ,386 ,425 ,406 ,391 ,410 ,429 ,402 ,373 
경기,여주시,1573 ,1452 ,1446 ,1468 ,1302 ,1391 ,1361 ,1280 ,1360 ,1138 ,990 ,1038 ,1019 ,911 ,891 ,1014 ,884 ,908 ,939 ,955 ,868 ,804 ,850 ,784 ,759 ,773 ,664 ,719 ,696 ,620 ,735 ,566 ,489 ,533 ,539 ,476 ,445 ,511 ,475 ,481 ,463 ,494 ,457 ,428 ,723 ,668 ,687 ,695 ,638 ,672 ,665 ,660 ,625 ,572 ,501 ,505 ,480 ,435 ,446 ,503 ,409 ,427 ,476 ,461 ,411 ,376 
경기,연천군,743 ,716 ,642 ,600 ,580 ,545 ,524 ,503 ,479 ,440 ,377 ,333 ,334 ,329 ,281 ,312 ,300 ,271 ,334 ,300 ,286 ,284 ,407 ,376 ,338 ,343 ,300 ,274 ,262 ,261 ,247 ,245 ,201 ,192 ,159 ,186 ,147 ,170 ,157 ,147 ,165 ,166 ,156 ,143 ,336 ,340 ,304 ,257 ,280 ,271 ,262 ,242 ,232 ,195 ,176 ,141 ,175 ,143 ,134 ,142 ,143 ,124 ,169 ,134 ,130 ,141 
경기,오산시,1395 ,1552 ,2091 ,2177 ,2229 ,2305 ,2155 ,2367 ,2356 ,2252 ,1986 ,2310 ,2447 ,2479 ,2583 ,2993 ,2971 ,2728 ,2839 ,2943 ,2979 ,2677 ,741 ,808 ,1102 ,1146 ,1155 ,1188 ,1120 ,1217 ,1223 ,1124 ,995 ,1200 ,1243 ,1264 ,1276 ,1554 ,1600 ,1427 ,1439 ,1502 ,1555 ,1378 ,654 ,744 ,989 ,1031 ,1074 ,1117 ,1035 ,1150 ,1133 ,1128 ,991 ,1110 ,1204 ,1215 ,1307 ,1439 ,1371 ,1301 ,1400 ,1441 ,1424 ,1299 
경기,용인시,6822 ,7121 ,7726 ,8794 ,9637 ,10461 ,11581 ,11578 ,13167 ,11668 ,10494 ,11092 ,11162 ,10455 ,11055 ,12253 ,11757 ,10993 ,11437 ,11495 ,11990 ,10958 ,3506 ,3745 ,3985 ,4521 ,4970 ,5438 ,6016 ,6046 ,6843 ,6025 ,5502 ,5717 ,5763 ,5449 ,5738 ,6241 ,6077 ,5693 ,5882 ,5866 ,6091 ,5579 ,3316 ,3376 ,3741 ,4273 ,4667 ,5023 ,5565 ,5532 ,6324 ,5643 ,4992 ,5375 ,5399 ,5006 ,5317 ,6012 ,5680 ,5300 ,5555 ,5629 ,5899 ,5379 
경기,의왕시,2134 ,2021 ,1958 ,2062 ,2164 ,2161 ,2120 ,1892 ,1808 ,1509 ,1291 ,1394 ,1331 ,1198 ,1407 ,1503 ,1397 ,1368 ,1326 ,1237 ,1313 ,1257 ,1098 ,1083 ,1038 ,1094 ,1087 ,1128 ,1084 ,963 ,913 ,781 ,644 ,727 ,657 ,606 ,721 ,767 ,729 ,701 ,708 ,647 ,686 ,590 ,1036 ,938 ,920 ,968 ,1077 ,1033 ,1036 ,929 ,895 ,728 ,647 ,667 ,674 ,592 ,686 ,736 ,668 ,667 ,618 ,590 ,627 ,667 
경기,의정부시,6225 ,6473 ,6424 ,6249 ,6176 ,6112 ,5812 ,5656 ,5745 ,5158 ,4514 ,4414 ,4024 ,3709 ,3720 ,4073 ,3574 ,3466 ,3749 ,3683 ,3868 ,3502 ,3245 ,3349 ,3315 ,3258 ,3232 ,3134 ,3019 ,2966 ,2959 ,2661 ,2375 ,2261 ,2034 ,1908 ,1873 ,2144 ,1856 ,1731 ,1897 ,1884 ,1967 ,1812 ,2980 ,3124 ,3109 ,2991 ,2944 ,2978 ,2793 ,2690 ,2786 ,2497 ,2139 ,2153 ,1990 ,1801 ,1847 ,1929 ,1718 ,1735 ,1852 ,1799 ,1901 ,1690 
경기,이천시,3145 ,3049 ,3201 ,3203 ,3096 ,3024 ,3024 ,3001 ,2929 ,2589 ,2333 ,2251 ,2187 ,2124 ,2165 ,2377 ,2168 ,2032 ,2274 ,2274 ,2291 ,2035 ,1600 ,1602 ,1683 ,1654 ,1637 ,1513 ,1584 ,1536 ,1492 ,1332 ,1233 ,1164 ,1158 ,1116 ,1142 ,1210 ,1141 ,1064 ,1203 ,1181 ,1163 ,1016 ,1545 ,1447 ,1518 ,1549 ,1459 ,1511 ,1440 ,1465 ,1437 ,1257 ,1100 ,1087 ,1029 ,1008 ,1023 ,1167 ,1027 ,968 ,1071 ,1093 ,1128 ,1019 
경기,파주시,2838 ,2854 ,2989 ,3651 ,3774 ,3664 ,3817 ,4036 ,4425 ,3916 ,3543 ,3766 ,4048 ,4011 ,4441 ,4943 ,4757 ,4591 ,4992 ,4847 ,5245 ,4595 ,1482 ,1508 ,1583 ,1934 ,1957 ,1874 ,2050 ,2096 ,2328 ,2090 ,1852 ,1961 ,2133 ,2075 ,2243 ,2512 ,2456 ,2396 ,2492 ,2483 ,2689 ,2333 ,1356 ,1346 ,1406 ,1717 ,1817 ,1790 ,1767 ,1940 ,2097 ,1826 ,1691 ,1805 ,1915 ,1936 ,2198 ,2431 ,2301 ,2195 ,2500 ,2364 ,2556 ,2262 
경기,평택시,6187 ,6313 ,6195 ,6162 ,5990 ,6127 ,5887 ,5786 ,6049 ,5298 ,4718 ,4672 ,4523 ,4190 ,4508 ,4946 ,4718 ,4704 ,4918 ,5043 ,5410 ,5066 ,3287 ,3219 ,3299 ,3169 ,3121 ,3228 ,3006 ,3057 ,3176 ,2699 ,2460 ,2350 ,2376 ,2142 ,2318 ,2541 ,2401 ,2401 ,2572 ,2593 ,2767 ,2515 ,2900 ,3094 ,2896 ,2993 ,2869 ,2899 ,2881 ,2729 ,2873 ,2599 ,2258 ,2322 ,2147 ,2048 ,2190 ,2405 ,2317 ,2303 ,2346 ,2450 ,2643 ,2551 
경기,포천시,2424 ,2344 ,2303 ,2226 ,2164 ,2119 ,2012 ,2030 ,1992 ,1754 ,1530 ,1571 ,1273 ,1263 ,1322 ,1335 ,1240 ,1192 ,1171 ,1110 ,1127 ,922 ,1304 ,1234 ,1251 ,1140 ,1092 ,1107 ,1074 ,1064 ,1027 ,916 ,792 ,773 ,642 ,683 ,689 ,733 ,653 ,603 ,605 ,606 ,553 ,486 ,1120 ,1110 ,1052 ,1086 ,1072 ,1012 ,938 ,966 ,965 ,838 ,738 ,798 ,631 ,580 ,633 ,602 ,587 ,589 ,566 ,504 ,574 ,436 
경기,하남시,2012 ,1836 ,1663 ,1597 ,1514 ,1473 ,1467 ,1393 ,1548 ,1307 ,1294 ,1286 ,1320 ,1109 ,1189 ,1328 ,1390 ,1652 ,2477 ,2735 ,3089 ,3027 ,1071 ,974 ,851 ,807 ,805 ,776 ,715 ,719 ,843 ,686 ,666 ,666 ,676 ,598 ,624 ,699 ,709 ,836 ,1269 ,1333 ,1646 ,1522 ,941 ,862 ,812 ,790 ,709 ,697 ,752 ,674 ,705 ,621 ,628 ,620 ,644 ,511 ,565 ,629 ,681 ,816 ,1208 ,1402 ,1443 ,1505 
경기,화성시,2674 ,2766 ,2826 ,3472 ,3658 ,3761 ,4523 ,4800 ,5329 ,5880 ,6561 ,7266 ,7373 ,6814 ,7351 ,8041 ,8225 ,8751 ,9716 ,10549 ,11743 ,11118 ,1467 ,1490 ,1505 ,1814 ,1916 ,1958 ,2285 ,2454 ,2796 ,3098 ,3411 ,3772 ,3783 ,3475 ,3762 ,4064 ,4211 ,4483 ,4984 ,5378 ,5921 ,5741 ,1207 ,1276 ,1321 ,1658 ,1742 ,1803 ,2238 ,2346 ,2533 ,2782 ,3150 ,3494 ,3590 ,3339 ,3589 ,3977 ,4014 ,4268 ,4732 ,5171 ,5822 ,5377 
강원,강릉시,3066 ,3083 ,3062 ,3076 ,3000 ,2966 ,2807 ,2660 ,2691 ,2322 ,2051 ,2054 ,1935 ,1735 ,1704 ,1839 ,1627 ,1659 ,1625 ,1662 ,1627 ,1451 ,1591 ,1656 ,1664 ,1589 ,1523 ,1573 ,1443 ,1349 ,1407 ,1237 ,1074 ,1059 ,989 ,919 ,923 ,999 ,850 ,820 ,869 ,875 ,824 ,770 ,1475 ,1427 ,1398 ,1487 ,1477 ,1393 ,1364 ,1311 ,1284 ,1085 ,977 ,995 ,946 ,816 ,781 ,840 ,777 ,839 ,756 ,787 ,803 ,681 
강원,고성군,393 ,363 ,357 ,327 ,324 ,294 ,325 ,320 ,281 ,276 ,221 ,196 ,175 ,183 ,181 ,162 ,160 ,144 ,154 ,163 ,155 ,150 ,205 ,185 ,182 ,186 ,180 ,139 ,176 ,167 ,144 ,153 ,117 ,99 ,97 ,102 ,99 ,91 ,94 ,69 ,82 ,90 ,78 ,76 ,188 ,178 ,175 ,141 ,144 ,155 ,149 ,153 ,137 ,123 ,104 ,97 ,78 ,81 ,82 ,71 ,66 ,75 ,72 ,73 ,77 ,74 
강원,동해시,1478 ,1453 ,1423 ,1469 ,1386 ,1484 ,1317 ,1353 ,1250 ,1145 ,947 ,980 ,943 ,845 ,845 ,928 ,836 ,869 ,810 ,829 ,861 ,756 ,756 ,771 ,769 ,800 ,744 ,784 ,705 ,696 ,687 ,601 ,505 ,531 ,507 ,436 ,445 ,484 ,452 ,429 ,426 ,436 ,439 ,386 ,722 ,682 ,654 ,669 ,642 ,700 ,612 ,657 ,563 ,544 ,442 ,449 ,436 ,409 ,400 ,444 ,384 ,440 ,384 ,393 ,422 ,370 
강원,삼척시,902 ,953 ,790 ,861 ,812 ,838 ,810 ,787 ,741 ,624 ,603 ,522 ,547 ,473 ,464 ,500 ,447 ,461 ,464 ,450 ,486 ,400 ,463 ,470 ,435 ,445 ,419 ,406 ,400 ,405 ,399 ,331 ,302 ,267 ,268 ,234 ,256 ,266 ,216 ,249 ,236 ,233 ,260 ,199 ,439 ,483 ,355 ,416 ,393 ,432 ,410 ,382 ,342 ,293 ,301 ,255 ,279 ,239 ,208 ,234 ,231 ,212 ,228 ,217 ,226 ,201 
강원,속초시,1424 ,1386 ,1348 ,1420 ,1387 ,1383 ,1285 ,1142 ,1190 ,1014 ,898 ,847 ,803 ,677 ,680 ,712 ,644 ,597 ,666 ,648 ,663 ,579 ,758 ,722 ,715 ,748 ,711 ,713 ,658 ,601 ,612 ,510 ,482 ,429 ,424 ,339 ,340 ,399 ,312 ,314 ,316 ,342 ,324 ,274 ,666 ,664 ,633 ,672 ,676 ,670 ,627 ,541 ,578 ,504 ,416 ,418 ,379 ,338 ,340 ,313 ,332 ,283 ,350 ,306 ,339 ,305 
강원,양구군,328 ,326 ,325 ,313 ,325 ,288 ,288 ,261 ,288 ,220 ,205 ,210 ,222 ,192 ,199 ,209 ,197 ,166 ,197 ,199 ,195 ,166 ,170 ,183 ,176 ,184 ,167 ,157 ,162 ,132 ,156 ,117 ,117 ,106 ,105 ,100 ,110 ,115 ,106 ,85 ,93 ,110 ,97 ,83 ,158 ,143 ,149 ,129 ,158 ,131 ,126 ,129 ,132 ,103 ,88 ,104 ,117 ,92 ,89 ,94 ,91 ,81 ,104 ,89 ,98 ,83 
강원,양양군,302 ,275 ,248 ,269 ,234 ,284 ,295 ,264 ,288 ,252 ,183 ,207 ,180 ,169 ,168 ,175 ,150 ,151 ,158 ,146 ,154 ,141 ,159 ,157 ,131 ,146 ,125 ,140 ,167 ,143 ,140 ,132 ,92 ,113 ,103 ,85 ,82 ,89 ,87 ,70 ,85 ,74 ,83 ,76 ,143 ,118 ,117 ,123 ,109 ,144 ,128 ,121 ,148 ,120 ,91 ,94 ,77 ,84 ,86 ,86 ,63 ,81 ,73 ,72 ,71 ,65 
강원,영월군,556 ,460 ,465 ,505 ,431 ,487 ,443 ,383 ,342 ,327 ,286 ,283 ,287 ,244 ,253 ,254 ,232 ,205 ,221 ,238 ,198 ,168 ,307 ,238 ,243 ,254 ,236 ,249 ,235 ,199 ,185 ,176 ,136 ,144 ,147 ,132 ,137 ,136 ,120 ,113 ,121 ,115 ,117 ,88 ,249 ,222 ,222 ,251 ,195 ,238 ,208 ,184 ,157 ,151 ,150 ,139 ,140 ,112 ,116 ,118 ,112 ,92 ,100 ,123 ,81 ,80 
강원,원주시,4149 ,4146 ,4104 ,4241 ,4173 ,4140 ,4177 ,3892 ,3926 ,3669 ,3179 ,3262 ,3221 ,3041 ,3061 ,3415 ,3085 ,3173 ,3285 ,3224 ,3303 ,3008 ,2154 ,2176 ,2226 ,2250 ,2221 ,2108 ,2216 ,1990 ,2088 ,1971 ,1678 ,1724 ,1671 ,1599 ,1576 ,1764 ,1569 ,1655 ,1649 ,1648 ,1634 ,1537 ,1995 ,1970 ,1878 ,1991 ,1952 ,2032 ,1961 ,1902 ,1838 ,1698 ,1501 ,1538 ,1550 ,1442 ,1485 ,1651 ,1516 ,1518 ,1636 ,1576 ,1669 ,1471 
강원,인제군,479 ,489 ,462 ,460 ,414 ,426 ,447 ,462 ,419 ,357 ,322 ,305 ,323 ,279 ,291 ,310 ,282 ,264 ,300 ,253 ,274 ,251 ,239 ,248 ,256 ,238 ,208 ,202 ,222 ,240 ,210 ,187 ,163 ,165 ,167 ,146 ,140 ,159 ,138 ,137 ,163 ,152 ,140 ,123 ,240 ,241 ,206 ,222 ,206 ,224 ,225 ,222 ,209 ,170 ,159 ,140 ,156 ,133 ,151 ,151 ,144 ,127 ,137 ,101 ,134 ,128 
강원,정선군,457 ,477 ,456 ,474 ,399 ,421 ,447 ,440 ,421 ,362 ,301 ,251 ,256 ,255 ,227 ,289 ,238 ,267 ,262 ,218 ,251 ,187 ,254 ,245 ,235 ,248 ,210 ,211 ,230 ,231 ,214 ,194 ,156 ,125 ,142 ,124 ,112 ,148 ,114 ,143 ,134 ,108 ,136 ,95 ,203 ,232 ,221 ,226 ,189 ,210 ,217 ,209 ,207 ,168 ,145 ,126 ,114 ,131 ,115 ,141 ,124 ,124 ,128 ,110 ,115 ,92 
강원,철원군,814 ,732 ,714 ,656 ,628 ,624 ,630 ,606 ,588 ,489 ,488 ,416 ,432 ,402 ,441 ,427 ,418 ,361 ,371 ,359 ,336 ,301 ,398 ,394 ,367 ,359 ,334 ,328 ,324 ,311 ,336 ,249 ,245 ,216 ,241 ,200 ,225 ,216 ,221 ,184 ,200 ,200 ,160 ,141 ,416 ,338 ,347 ,297 ,294 ,296 ,306 ,295 ,252 ,240 ,243 ,200 ,191 ,202 ,216 ,211 ,197 ,177 ,171 ,159 ,176 ,160 
강원,춘천시,3573 ,3511 ,3477 ,3543 ,3484 ,3475 ,3381 ,3187 ,3282 ,2926 ,2659 ,2590 ,2406 ,2418 ,2271 ,2517 ,2436 ,2297 ,2485 ,2570 ,2544 ,2377 ,1894 ,1835 ,1817 ,1857 ,1806 ,1783 ,1714 ,1664 ,1733 ,1494 ,1413 ,1314 ,1264 ,1265 ,1199 ,1289 ,1277 ,1190 ,1289 ,1337 ,1308 ,1212 ,1679 ,1676 ,1660 ,1686 ,1678 ,1692 ,1667 ,1523 ,1549 ,1432 ,1246 ,1276 ,1142 ,1153 ,1072 ,1228 ,1159 ,1107 ,1196 ,1233 ,1236 ,1165 
강원,태백시,666 ,626 ,641 ,592 ,640 ,633 ,572 ,549 ,622 ,524 ,472 ,437 ,397 ,406 ,415 ,449 ,399 ,399 ,397 ,373 ,360 ,284 ,358 ,339 ,321 ,300 ,329 ,350 ,311 ,290 ,345 ,275 ,235 ,224 ,195 ,221 ,196 ,244 ,204 ,189 ,193 ,181 ,179 ,152 ,308 ,287 ,320 ,292 ,311 ,283 ,261 ,259 ,277 ,249 ,237 ,213 ,202 ,185 ,219 ,205 ,195 ,210 ,204 ,192 ,181 ,132 
강원,평창군,511 ,507 ,478 ,474 ,464 ,496 ,492 ,473 ,470 ,405 ,368 ,336 ,314 ,304 ,286 ,313 ,312 ,258 ,278 ,237 ,261 ,213 ,261 ,274 ,248 ,246 ,254 ,259 ,257 ,244 ,243 ,227 ,189 ,171 ,178 ,175 ,146 ,163 ,156 ,128 ,157 ,116 ,132 ,119 ,250 ,233 ,230 ,228 ,210 ,237 ,235 ,229 ,227 ,178 ,179 ,165 ,136 ,129 ,140 ,150 ,156 ,130 ,121 ,121 ,129 ,94 
강원,홍천군,864 ,900 ,843 ,894 ,741 ,928 ,811 ,814 ,794 ,699 ,641 ,588 ,530 ,495 ,456 ,569 ,494 ,504 ,495 ,474 ,443 ,384 ,433 ,463 ,445 ,457 ,400 ,463 ,411 ,435 ,424 ,366 ,321 ,324 ,259 ,250 ,240 ,287 ,241 ,274 ,240 ,232 ,220 ,195 ,431 ,437 ,398 ,437 ,341 ,465 ,400 ,379 ,370 ,333 ,320 ,264 ,271 ,245 ,216 ,282 ,253 ,230 ,255 ,242 ,223 ,189 
강원,화천군,337 ,313 ,386 ,303 ,349 ,319 ,325 ,316 ,307 ,266 ,237 ,200 ,221 ,188 ,190 ,243 ,191 ,208 ,197 ,190 ,191 ,180 ,182 ,172 ,181 ,147 ,183 ,156 ,170 ,183 ,155 ,147 ,110 ,95 ,120 ,112 ,93 ,117 ,99 ,97 ,101 ,100 ,87 ,94 ,155 ,141 ,205 ,156 ,166 ,163 ,155 ,133 ,152 ,119 ,127 ,105 ,101 ,76 ,97 ,126 ,92 ,111 ,96 ,90 ,104 ,86 
강원,횡성군,489 ,473 ,470 ,486 ,459 ,519 ,458 ,409 ,383 ,302 ,303 ,292 ,309 ,291 ,292 ,314 ,293 ,260 ,255 ,268 ,265 ,221 ,265 ,248 ,264 ,257 ,229 ,273 ,247 ,223 ,207 ,159 ,156 ,152 ,164 ,148 ,156 ,159 ,156 ,135 ,126 ,143 ,132 ,114 ,224 ,225 ,206 ,229 ,230 ,246 ,211 ,186 ,176 ,143 ,147 ,140 ,145 ,143 ,136 ,155 ,137 ,125 ,129 ,125 ,133 ,107 
충북,괴산군,976 ,926 ,893 ,885 ,755 ,855 ,316 ,289 ,289 ,251 ,218 ,200 ,177 ,167 ,166 ,191 ,189 ,182 ,190 ,142 ,170 ,143 ,527 ,459 ,439 ,482 ,393 ,429 ,169 ,160 ,133 ,138 ,111 ,112 ,88 ,79 ,83 ,90 ,79 ,77 ,104 ,61 ,96 ,62 ,449 ,467 ,454 ,403 ,362 ,426 ,147 ,129 ,156 ,113 ,107 ,88 ,89 ,88 ,83 ,101 ,110 ,105 ,86 ,81 ,74 ,81 
충북,단양군,471 ,437 ,442 ,418 ,409 ,395 ,376 ,311 ,304 ,271 ,209 ,203 ,205 ,200 ,184 ,211 ,182 ,175 ,152 ,164 ,155 ,117 ,254 ,244 ,233 ,219 ,213 ,205 ,199 ,161 ,150 ,140 ,101 ,103 ,114 ,106 ,95 ,108 ,86 ,100 ,88 ,92 ,78 ,60 ,217 ,193 ,209 ,199 ,196 ,190 ,177 ,150 ,154 ,131 ,108 ,100 ,91 ,94 ,89 ,103 ,96 ,75 ,64 ,72 ,77 ,57 
충북,보은군,413 ,439 ,401 ,402 ,353 ,391 ,361 ,346 ,321 ,289 ,244 ,209 ,210 ,199 ,188 ,191 ,180 ,196 ,185 ,202 ,184 ,146 ,224 ,236 ,203 ,200 ,188 ,210 ,175 ,185 ,169 ,155 ,116 ,90 ,113 ,108 ,103 ,115 ,100 ,101 ,110 ,101 ,93 ,67 ,189 ,203 ,198 ,202 ,165 ,181 ,186 ,161 ,152 ,134 ,128 ,119 ,97 ,91 ,85 ,76 ,80 ,95 ,75 ,101 ,91 ,79 
충북,영동군,596 ,667 ,622 ,594 ,563 ,569 ,503 ,496 ,470 ,435 ,360 ,339 ,320 ,295 ,296 ,343 ,294 ,272 ,298 ,279 ,266 ,224 ,319 ,360 ,327 ,312 ,284 ,311 ,263 ,244 ,260 ,220 ,195 ,163 ,162 ,154 ,150 ,178 ,159 ,143 ,181 ,141 ,132 ,113 ,277 ,307 ,295 ,282 ,279 ,258 ,240 ,252 ,210 ,215 ,165 ,176 ,158 ,141 ,146 ,165 ,135 ,129 ,117 ,138 ,134 ,111 
충북,옥천군,625 ,720 ,653 ,610 ,652 ,694 ,570 ,556 ,560 ,511 ,410 ,408 ,392 ,354 ,374 ,396 ,357 ,350 ,362 ,379 ,334 ,272 ,312 ,393 ,345 ,318 ,335 ,358 ,302 ,306 ,287 ,291 ,208 ,221 ,191 ,176 ,198 ,200 ,183 ,179 ,195 ,210 ,163 ,148 ,313 ,327 ,308 ,292 ,317 ,336 ,268 ,250 ,273 ,220 ,202 ,187 ,201 ,178 ,176 ,196 ,174 ,171 ,167 ,169 ,171 ,124 
충북,음성군,1324 ,1255 ,1236 ,1295 ,1290 ,1220 ,1185 ,1102 ,1073 ,996 ,892 ,824 ,786 ,720 ,727 ,836 ,797 ,785 ,823 ,801 ,756 ,670 ,692 ,680 ,605 ,694 ,684 ,663 ,645 ,589 ,557 ,519 ,445 ,427 ,443 ,376 ,349 ,436 ,413 ,427 ,454 ,428 ,411 ,340 ,632 ,575 ,631 ,601 ,606 ,557 ,540 ,513 ,516 ,477 ,447 ,397 ,343 ,344 ,378 ,400 ,384 ,358 ,369 ,373 ,345 ,330 
충북,제천시,2035 ,2075 ,1943 ,1988 ,1849 ,1858 ,1727 ,1582 ,1557 ,1390 ,1186 ,1162 ,1162 ,1053 ,1082 ,1105 ,1079 ,993 ,1061 ,1057 ,1078 ,931 ,1085 ,1086 ,1072 ,1061 ,954 ,976 ,907 ,808 ,790 ,725 ,623 ,605 ,618 ,536 ,562 ,568 ,572 ,496 ,511 ,524 ,536 ,477 ,950 ,989 ,871 ,927 ,895 ,882 ,820 ,774 ,767 ,665 ,563 ,557 ,544 ,517 ,520 ,537 ,507 ,497 ,550 ,533 ,542 ,454 
충북,증평군,0 ,0 ,0 ,0 ,0 ,0 ,427 ,424 ,404 ,344 ,345 ,311 ,332 ,319 ,323 ,367 ,352 ,341 ,397 ,381 ,369 ,355 ,0 ,0 ,0 ,0 ,0 ,0 ,228 ,210 ,208 ,185 ,167 ,165 ,165 ,163 ,172 ,192 ,183 ,193 ,214 ,192 ,188 ,184 ,0 ,0 ,0 ,0 ,0 ,0 ,199 ,214 ,196 ,159 ,178 ,146 ,167 ,156 ,151 ,175 ,169 ,148 ,183 ,189 ,181 ,171 
충북,진천군,958 ,894 ,912 ,965 ,872 ,893 ,878 ,834 ,815 ,718 ,637 ,632 ,644 ,598 ,564 ,698 ,670 ,681 ,767 ,852 ,904 ,837 ,505 ,461 ,492 ,536 ,442 ,454 ,448 ,447 ,435 ,356 ,327 ,336 ,356 ,325 ,300 ,355 ,369 ,325 ,392 ,437 ,455 ,415 ,453 ,433 ,420 ,429 ,430 ,439 ,430 ,387 ,380 ,362 ,310 ,296 ,288 ,273 ,264 ,343 ,301 ,356 ,375 ,415 ,449 ,422 
충북,청원군,1450 ,1408 ,1532 ,1443 ,1469 ,1388 ,1372 ,1253 ,1717 ,1589 ,1495 ,1453 ,1558 ,1530 ,1618 ,1759 ,0 ,0 ,0 ,0 ,0 ,0 ,788 ,729 ,815 ,769 ,772 ,679 ,708 ,671 ,907 ,815 ,795 ,777 ,793 ,813 ,825 ,922 ,0 ,0 ,0 ,0 ,0 ,0 ,662 ,679 ,717 ,674 ,697 ,709 ,664 ,582 ,810 ,774 ,700 ,676 ,765 ,717 ,793 ,837 ,0 ,0 ,0 ,0 ,0 ,0 
충북,청주시,9759 ,9997 ,9734 ,9975 ,10019 ,9803 ,9456 ,9028 ,8967 ,8018 ,7078 ,7191 ,6977 ,6402 ,6508 ,7226 ,8391 ,8134 ,8554 ,8496 ,8854 ,8056 ,5204 ,5371 ,5248 ,5249 ,5308 ,4915 ,4984 ,4739 ,4751 ,4226 ,3735 ,3773 ,3643 ,3293 ,3290 ,3741 ,4303 ,4263 ,4407 ,4284 ,4511 ,4118 ,4555 ,4626 ,4486 ,4726 ,4711 ,4888 ,4472 ,4289 ,4216 ,3792 ,3343 ,3418 ,3334 ,3109 ,3218 ,3485 ,4088 ,3871 ,4147 ,4212 ,4343 ,3938 
충북,충주시,3322 ,3206 ,2988 ,2958 ,2815 ,2821 ,2668 ,2503 ,2404 ,2237 ,1850 ,1918 ,1818 ,1624 ,1676 ,1837 ,1701 ,1594 ,1738 ,1735 ,1682 ,1598 ,1814 ,1692 ,1611 ,1575 ,1513 ,1487 ,1398 ,1315 ,1253 ,1148 ,967 ,977 ,948 ,845 ,865 ,957 ,902 ,789 ,874 ,914 ,828 ,806 ,1508 ,1514 ,1377 ,1383 ,1302 ,1334 ,1270 ,1188 ,1151 ,1089 ,883 ,941 ,870 ,779 ,811 ,880 ,799 ,805 ,864 ,821 ,854 ,792 
충남,계룡시,0 ,0 ,0 ,0 ,0 ,0 ,520 ,611 ,649 ,591 ,591 ,579 ,550 ,487 ,532 ,484 ,441 ,455 ,480 ,508 ,475 ,419 ,0 ,0 ,0 ,0 ,0 ,0 ,250 ,315 ,319 ,292 ,342 ,301 ,290 ,242 ,275 ,243 ,229 ,260 ,249 ,273 ,230 ,194 ,0 ,0 ,0 ,0 ,0 ,0 ,270 ,296 ,330 ,299 ,249 ,278 ,260 ,245 ,257 ,241 ,212 ,195 ,231 ,235 ,245 ,225 
충남,공주시,1704 ,1621 ,1637 ,1630 ,1596 ,1571 ,1474 ,1340 ,1374 ,1142 ,1056 ,981 ,925 ,832 ,887 ,871 ,797 ,731 ,749 ,735 ,734 ,670 ,914 ,912 ,894 ,866 ,796 ,783 ,742 ,726 ,742 ,578 ,572 ,496 ,503 ,413 ,436 ,466 ,395 ,380 ,390 ,364 ,389 ,353 ,790 ,709 ,743 ,764 ,800 ,788 ,732 ,614 ,632 ,564 ,484 ,485 ,422 ,419 ,451 ,405 ,402 ,351 ,359 ,371 ,345 ,317 
충남,금산군,673 ,597 ,683 ,609 ,593 ,616 ,589 ,565 ,577 ,463 ,405 ,412 ,370 ,371 ,377 ,454 ,378 ,377 ,400 ,370 ,322 ,298 ,377 ,312 ,394 ,315 ,317 ,338 ,309 ,289 ,296 ,254 ,208 ,206 ,191 ,183 ,201 ,221 ,200 ,190 ,218 ,187 ,179 ,167 ,296 ,285 ,289 ,294 ,276 ,278 ,280 ,276 ,281 ,209 ,197 ,206 ,179 ,188 ,176 ,233 ,178 ,187 ,182 ,183 ,143 ,131 
충남,논산시,2282 ,2312 ,2219 ,2276 ,2212 ,2200 ,1622 ,1505 ,1432 ,1260 ,1040 ,1068 ,985 ,939 ,999 ,1065 ,1009 ,919 ,918 ,909 ,905 ,794 ,1211 ,1248 ,1160 ,1183 ,1153 ,1134 ,833 ,791 ,758 ,654 ,539 ,545 ,489 ,483 ,518 ,564 ,512 ,467 ,495 ,465 ,466 ,409 ,1071 ,1064 ,1059 ,1093 ,1059 ,1066 ,789 ,714 ,674 ,606 ,501 ,523 ,496 ,456 ,481 ,501 ,497 ,452 ,423 ,444 ,439 ,385 
충남,당진시,1649 ,1613 ,1561 ,1595 ,1490 ,1473 ,1459 ,1401 ,1501 ,1434 ,1229 ,1265 ,1377 ,1363 ,1533 ,1773 ,1734 ,1691 ,1862 ,1865 ,1871 ,1703 ,885 ,810 ,838 ,827 ,750 ,776 ,763 ,714 ,776 ,746 ,681 ,661 ,709 ,718 ,818 ,923 ,925 ,845 ,989 ,967 ,975 ,850 ,764 ,803 ,723 ,768 ,740 ,697 ,696 ,687 ,725 ,688 ,548 ,604 ,668 ,645 ,715 ,850 ,809 ,846 ,873 ,898 ,896 ,853 
충남,보령시,1461 ,1470 ,1501 ,1404 ,1357 ,1265 ,1251 ,1228 ,1220 ,1073 ,900 ,900 ,888 ,779 ,813 ,828 ,836 ,768 ,797 ,811 ,726 ,644 ,815 ,778 ,801 ,735 ,698 ,678 ,638 ,639 ,630 ,543 ,468 ,435 ,471 ,426 ,434 ,422 ,424 ,388 ,412 ,401 ,374 ,341 ,646 ,692 ,700 ,669 ,659 ,587 ,613 ,589 ,590 ,530 ,432 ,465 ,417 ,353 ,379 ,406 ,412 ,380 ,385 ,410 ,352 ,303 
충남,부여군,1006 ,992 ,940 ,913 ,897 ,889 ,838 ,760 ,738 ,626 ,528 ,536 ,451 ,451 ,455 ,442 ,408 ,377 ,380 ,359 ,370 ,314 ,529 ,542 ,509 ,466 ,469 ,460 ,425 ,409 ,386 ,321 ,261 ,279 ,248 ,220 ,243 ,230 ,210 ,200 ,212 ,198 ,190 ,176 ,477 ,450 ,431 ,447 ,428 ,429 ,413 ,351 ,352 ,305 ,267 ,257 ,203 ,231 ,212 ,212 ,198 ,177 ,168 ,161 ,180 ,138 
충남,서산시,2376 ,2300 ,2230 ,2139 ,2107 ,2306 ,2123 ,2062 ,2179 ,2024 ,1769 ,1714 ,1711 ,1492 ,1599 ,1873 ,1724 ,1641 ,1716 ,1716 ,1834 ,1655 ,1227 ,1221 ,1189 ,1140 ,1095 ,1181 ,1111 ,1066 ,1117 ,1058 ,965 ,911 ,912 ,762 ,831 ,967 ,901 ,884 ,889 ,904 ,948 ,816 ,1149 ,1079 ,1041 ,999 ,1012 ,1125 ,1012 ,996 ,1062 ,966 ,804 ,803 ,799 ,730 ,768 ,906 ,823 ,757 ,827 ,812 ,886 ,839 
충남,서천군,734 ,794 ,720 ,754 ,671 ,679 ,674 ,596 ,547 ,484 ,419 ,405 ,339 ,360 ,310 ,328 ,315 ,293 ,316 ,306 ,266 ,261 ,385 ,441 ,394 ,397 ,343 ,350 ,362 ,302 ,272 ,267 ,227 ,215 ,164 ,180 ,160 ,166 ,154 ,149 ,154 ,156 ,133 ,127 ,349 ,353 ,326 ,357 ,328 ,329 ,312 ,294 ,275 ,217 ,192 ,190 ,175 ,180 ,150 ,162 ,161 ,144 ,162 ,150 ,133 ,134 
충남,아산시,2636 ,2678 ,2797 ,2877 ,2963 ,2844 ,2798 ,2649 ,2942 ,2994 ,2806 ,3124 ,3259 ,2953 ,3235 ,3701 ,3494 ,3564 ,3824 ,3957 ,4141 ,3646 ,1395 ,1394 ,1484 ,1537 ,1576 ,1468 ,1413 ,1352 ,1521 ,1518 ,1476 ,1649 ,1634 ,1548 ,1662 ,1934 ,1782 ,1817 ,1990 ,2034 ,2111 ,1895 ,1241 ,1284 ,1313 ,1340 ,1387 ,1376 ,1385 ,1297 ,1421 ,1476 ,1330 ,1475 ,1625 ,1405 ,1573 ,1767 ,1712 ,1747 ,1834 ,1923 ,2030 ,1751 
충남,연기군,1033 ,1016 ,987 ,1066 ,974 ,1013 ,976 ,968 ,904 ,816 ,733 ,736 ,719 ,783 ,0 ,0 ,0 ,0 ,0 ,0 ,0 ,0 ,522 ,532 ,534 ,545 ,532 ,501 ,495 ,494 ,495 ,412 ,377 ,382 ,371 ,388 ,0 ,0 ,0 ,0 ,0 ,0 ,0 ,0 ,511 ,484 ,453 ,521 ,442 ,512 ,481 ,474 ,409 ,404 ,356 ,354 ,348 ,395 ,0 ,0 ,0 ,0 ,0 ,0 ,0 ,0 
충남,예산군,1109 ,1082 ,1099 ,1102 ,1062 ,1008 ,950 ,840 ,845 ,708 ,635 ,580 ,560 ,539 ,557 ,614 ,512 ,484 ,496 ,497 ,486 ,441 ,583 ,546 ,572 ,571 ,539 ,496 ,502 ,437 ,453 ,369 ,334 ,282 ,293 ,281 ,271 ,338 ,256 ,264 ,259 ,262 ,265 ,229 ,526 ,536 ,527 ,531 ,523 ,512 ,448 ,403 ,392 ,339 ,301 ,298 ,267 ,258 ,286 ,276 ,256 ,220 ,237 ,235 ,221 ,212 
충남,천안시,7243 ,7524 ,7492 ,7659 ,7650 ,7699 ,7940 ,7998 ,8319 ,7249 ,6119 ,6122 ,6315 ,6027 ,6104 ,6797 ,6599 ,6326 ,6857 ,7076 ,7491 ,6790 ,3784 ,3950 ,4024 ,4034 ,4016 ,4008 ,4187 ,4170 ,4352 ,3719 ,3227 ,3184 ,3307 ,3089 ,3190 ,3506 ,3425 ,3273 ,3517 ,3700 ,3751 ,3458 ,3459 ,3574 ,3468 ,3625 ,3634 ,3691 ,3753 ,3828 ,3967 ,3530 ,2892 ,2938 ,3008 ,2938 ,2914 ,3291 ,3174 ,3053 ,3340 ,3376 ,3740 ,3332 
충남,청양군,352 ,360 ,353 ,345 ,391 ,375 ,324 ,319 ,285 ,238 ,194 ,189 ,196 ,159 ,173 ,162 ,171 ,144 ,165 ,169 ,159 ,143 ,188 ,197 ,212 ,182 ,220 ,197 ,159 ,155 ,151 ,126 ,94 ,103 ,96 ,86 ,88 ,76 ,99 ,63 ,88 ,89 ,80 ,74 ,164 ,163 ,141 ,163 ,171 ,178 ,165 ,164 ,134 ,112 ,100 ,86 ,100 ,73 ,85 ,86 ,72 ,81 ,77 ,80 ,79 ,69 
충남,태안군,699 ,703 ,688 ,744 ,665 ,676 ,703 ,655 ,605 ,528 ,457 ,442 ,436 ,414 ,429 ,438 ,429 ,429 ,349 ,422 ,392 ,356 ,375 ,362 ,382 ,392 ,345 ,344 ,366 ,339 ,322 ,272 ,240 ,217 ,219 ,209 ,212 ,235 ,217 ,224 ,189 ,221 ,186 ,174 ,324 ,341 ,306 ,352 ,320 ,332 ,337 ,316 ,283 ,256 ,217 ,225 ,217 ,205 ,217 ,203 ,212 ,205 ,160 ,201 ,206 ,182 
충남,홍성군,1227 ,1107 ,1044 ,1075 ,980 ,1023 ,1019 ,939 ,971 ,864 ,736 ,749 ,733 ,661 ,716 ,773 ,827 ,849 ,950 ,942 ,943 ,865 ,678 ,602 ,582 ,574 ,500 ,576 ,514 ,532 ,508 ,453 ,370 ,398 ,365 ,315 ,378 ,396 ,412 ,429 ,478 ,490 ,482 ,462 ,549 ,505 ,462 ,501 ,480 ,447 ,505 ,407 ,463 ,411 ,366 ,351 ,368 ,346 ,338 ,377 ,415 ,420 ,472 ,452 ,461 ,403 
전북,고창군,725 ,764 ,723 ,722 ,662 ,680 ,644 ,569 ,548 ,503 ,391 ,366 ,343 ,321 ,335 ,394 ,351 ,346 ,348 ,362 ,324 ,273 ,418 ,440 ,352 ,370 ,317 ,363 ,352 ,294 ,299 ,259 ,220 ,202 ,180 ,169 ,176 ,205 ,177 ,171 ,194 ,196 ,171 ,146 ,307 ,324 ,371 ,352 ,345 ,317 ,292 ,275 ,249 ,244 ,171 ,164 ,163 ,152 ,159 ,189 ,174 ,175 ,154 ,166 ,153 ,127 
전북,군산시,4135 ,4020 ,3850 ,3782 ,3807 ,3614 ,3585 ,3411 ,3407 ,3064 ,2691 ,2729 ,2645 ,2525 ,2525 ,2801 ,2618 ,2597 ,2708 ,2721 ,2706 ,2503 ,2193 ,2061 ,1992 ,2030 ,1956 ,1907 ,1836 ,1801 ,1755 ,1544 ,1453 ,1395 ,1358 ,1277 ,1302 ,1417 ,1379 ,1327 ,1366 ,1402 ,1416 ,1277 ,1942 ,1959 ,1858 ,1752 ,1851 ,1707 ,1749 ,1610 ,1652 ,1520 ,1238 ,1334 ,1287 ,1248 ,1223 ,1384 ,1239 ,1270 ,1342 ,1319 ,1290 ,1226 
전북,김제시,1274 ,1208 ,1237 ,1185 ,1087 ,1098 ,989 ,922 ,940 ,783 ,662 ,640 ,632 ,552 ,645 ,669 ,606 ,591 ,602 ,658 ,607 ,490 ,634 ,633 ,654 ,571 ,581 ,602 ,515 ,447 ,515 ,402 ,332 ,320 ,321 ,299 ,347 ,335 ,316 ,299 ,299 ,318 ,316 ,268 ,640 ,575 ,583 ,614 ,506 ,496 ,474 ,475 ,425 ,381 ,330 ,320 ,311 ,253 ,298 ,334 ,290 ,292 ,303 ,340 ,291 ,222 
전북,남원시,1321 ,1298 ,1344 ,1352 ,1279 ,1246 ,1153 ,1135 ,1094 ,979 ,845 ,783 ,780 ,729 ,697 ,729 ,729 ,616 ,686 ,638 ,572 ,531 ,690 ,683 ,721 ,690 ,671 ,640 ,617 ,621 ,555 ,494 ,436 ,412 ,405 ,371 ,354 ,365 ,382 ,332 ,348 ,327 ,310 ,276 ,631 ,615 ,623 ,662 ,608 ,606 ,536 ,514 ,539 ,485 ,409 ,371 ,375 ,358 ,343 ,364 ,347 ,284 ,338 ,311 ,262 ,255 
전북,무주군,323 ,310 ,289 ,299 ,280 ,243 ,232 ,243 ,220 ,208 ,166 ,161 ,177 ,183 ,170 ,210 ,167 ,178 ,164 ,165 ,155 ,123 ,169 ,161 ,149 ,171 ,148 ,126 ,124 ,136 ,118 ,109 ,82 ,84 ,90 ,88 ,89 ,100 ,83 ,75 ,90 ,85 ,84 ,65 ,154 ,149 ,140 ,128 ,132 ,117 ,108 ,107 ,102 ,99 ,84 ,77 ,87 ,95 ,81 ,110 ,84 ,103 ,74 ,80 ,71 ,58 
전북,부안군,813 ,802 ,744 ,783 ,722 ,700 ,635 ,595 ,589 ,506 ,418 ,399 ,395 ,330 ,313 ,353 ,335 ,317 ,341 ,328 ,306 ,279 ,415 ,458 ,376 ,387 ,384 ,365 ,326 ,292 ,320 ,279 ,238 ,203 ,204 ,162 ,166 ,177 ,173 ,156 ,182 ,173 ,167 ,146 ,398 ,344 ,368 ,396 ,338 ,335 ,309 ,303 ,269 ,227 ,180 ,196 ,191 ,168 ,147 ,176 ,162 ,161 ,159 ,155 ,139 ,133 
전북,순창군,344 ,328 ,294 ,313 ,280 ,293 ,261 ,265 ,269 ,235 ,219 ,211 ,201 ,188 ,177 ,208 ,187 ,181 ,192 ,160 ,153 ,133 ,182 ,159 ,154 ,172 ,154 ,138 ,149 ,132 ,128 ,128 ,112 ,102 ,109 ,103 ,96 ,111 ,85 ,94 ,104 ,72 ,87 ,74 ,162 ,169 ,140 ,141 ,126 ,155 ,112 ,133 ,141 ,107 ,107 ,109 ,92 ,85 ,81 ,97 ,102 ,87 ,88 ,88 ,66 ,59 
전북,완주군,934 ,1000 ,1001 ,1001 ,1009 ,957 ,1054 ,979 ,941 ,873 ,792 ,854 ,843 ,876 ,871 ,916 ,904 ,848 ,898 ,829 ,822 ,702 ,491 ,500 ,534 ,524 ,506 ,517 ,532 ,501 ,497 ,453 ,422 ,446 ,466 ,469 ,444 ,475 ,477 ,443 ,504 ,451 ,445 ,343 ,443 ,500 ,467 ,477 ,503 ,440 ,522 ,478 ,444 ,420 ,370 ,408 ,377 ,407 ,427 ,441 ,427 ,405 ,394 ,378 ,377 ,359 
전북,익산시,5352 ,5349 ,5164 ,5193 ,4796 ,4586 ,4284 ,4103 ,4161 ,3600 ,3131 ,3100 ,2858 ,2678 ,2643 ,2933 ,2674 ,2534 ,2651 ,2610 ,2591 ,2153 ,2802 ,2782 ,2655 ,2752 ,2555 ,2364 ,2246 ,2154 ,2174 ,1859 ,1651 ,1563 ,1466 ,1414 ,1329 ,1492 ,1393 ,1282 ,1344 ,1309 ,1322 ,1149 ,2550 ,2567 ,2509 ,2441 ,2241 ,2222 ,2038 ,1949 ,1987 ,1741 ,1480 ,1537 ,1392 ,1264 ,1314 ,1441 ,1281 ,1252 ,1307 ,1301 ,1269 ,1004 
전북,임실군,403 ,361 ,341 ,336 ,292 ,289 ,270 ,224 ,211 ,200 ,174 ,214 ,173 ,149 ,166 ,163 ,203 ,163 ,164 ,158 ,144 ,139 ,197 ,193 ,172 ,188 ,152 ,160 ,140 ,125 ,118 ,97 ,97 ,122 ,97 ,80 ,82 ,84 ,103 ,84 ,78 ,91 ,69 ,64 ,206 ,168 ,169 ,148 ,140 ,129 ,130 ,99 ,93 ,103 ,77 ,92 ,76 ,69 ,84 ,79 ,100 ,79 ,86 ,67 ,75 ,75 
전북,장수군,274 ,239 ,256 ,241 ,241 ,231 ,237 ,190 ,206 ,179 ,137 ,150 ,162 ,156 ,134 ,179 ,187 ,146 ,165 ,161 ,150 ,136 ,163 ,133 ,148 ,110 ,135 ,125 ,131 ,97 ,104 ,88 ,81 ,73 ,82 ,81 ,71 ,76 ,92 ,78 ,90 ,78 ,76 ,75 ,111 ,106 ,108 ,131 ,106 ,106 ,106 ,93 ,102 ,91 ,56 ,77 ,80 ,75 ,63 ,103 ,95 ,68 ,75 ,83 ,74 ,61 
전북,전주시,9806 ,9920 ,10020 ,10034 ,9712 ,9813 ,9377 ,8839 ,9176 ,8117 ,7040 ,6857 ,6546 ,5995 ,5965 ,6669 ,6339 ,6041 ,6505 ,6532 ,6708 ,6166 ,5089 ,5271 ,5297 ,5293 ,5042 ,5156 ,4903 ,4562 ,4670 ,4182 ,3699 ,3544 ,3346 ,3233 ,3098 ,3510 ,3241 ,3100 ,3346 ,3266 ,3435 ,3157 ,4717 ,4649 ,4723 ,4741 ,4670 ,4657 ,4474 ,4277 ,4506 ,3935 ,3341 ,3313 ,3200 ,2762 ,2867 ,3159 ,3098 ,2941 ,3159 ,3266 ,3273 ,3009 
전북,정읍시,1766 ,1756 ,1737 ,1831 ,1705 ,1607 ,1636 ,1480 ,1476 ,1258 ,1218 ,1069 ,982 ,935 ,855 ,963 ,866 ,812 ,829 ,873 ,858 ,698 ,913 ,932 ,902 ,966 ,882 ,788 ,826 ,728 ,773 ,645 ,640 ,554 ,519 ,468 ,453 ,488 ,453 ,458 ,434 ,455 ,446 ,365 ,853 ,824 ,835 ,865 ,823 ,819 ,810 ,752 ,703 ,613 ,578 ,515 ,463 ,467 ,402 ,475 ,413 ,354 ,395 ,418 ,412 ,333 
전북,진안군,252 ,272 ,261 ,238 ,248 ,249 ,224 ,199 ,209 ,163 ,158 ,159 ,156 ,140 ,169 ,163 ,135 ,152 ,166 ,146 ,148 ,116 ,143 ,136 ,136 ,115 ,128 ,125 ,116 ,107 ,114 ,100 ,86 ,84 ,82 ,71 ,88 ,81 ,68 ,80 ,85 ,85 ,67 ,50 ,109 ,136 ,125 ,123 ,120 ,124 ,108 ,92 ,95 ,63 ,72 ,75 ,74 ,69 ,81 ,82 ,67 ,72 ,81 ,61 ,81 ,66 
전남,강진군,551 ,538 ,511 ,484 ,455 ,432 ,421 ,378 ,391 ,345 ,251 ,257 ,231 ,227 ,223 ,249 ,239 ,194 ,219 ,223 ,192 ,181 ,296 ,276 ,269 ,263 ,240 ,231 ,220 ,186 ,200 ,186 ,134 ,130 ,119 ,122 ,117 ,119 ,128 ,96 ,117 ,118 ,98 ,95 ,255 ,262 ,242 ,221 ,215 ,201 ,201 ,192 ,191 ,159 ,117 ,127 ,112 ,105 ,106 ,130 ,111 ,98 ,102 ,105 ,94 ,86 
전남,고흥군,896 ,825 ,904 ,828 ,756 ,736 ,720 ,679 ,629 ,527 ,479 ,415 ,371 ,384 ,350 ,388 ,312 ,319 ,326 ,292 ,310 ,260 ,471 ,445 ,470 ,448 ,385 ,376 ,382 ,346 ,320 ,267 ,246 ,227 ,206 ,203 ,179 ,203 ,157 ,164 ,168 ,157 ,148 ,145 ,425 ,380 ,434 ,380 ,371 ,360 ,338 ,333 ,309 ,260 ,233 ,188 ,165 ,181 ,171 ,185 ,155 ,155 ,158 ,135 ,162 ,115 
전남,곡성군,358 ,392 ,377 ,371 ,314 ,357 ,328 ,306 ,288 ,278 ,207 ,196 ,188 ,160 ,177 ,154 ,177 ,152 ,155 ,169 ,129 ,113 ,189 ,202 ,192 ,192 ,167 ,184 ,170 ,162 ,143 ,136 ,97 ,98 ,98 ,85 ,102 ,80 ,105 ,84 ,73 ,83 ,70 ,65 ,169 ,190 ,185 ,179 ,147 ,173 ,158 ,144 ,145 ,142 ,110 ,98 ,90 ,75 ,75 ,74 ,72 ,68 ,82 ,86 ,59 ,48 
전남,광양시,2799 ,2776 ,2685 ,2912 ,2753 ,2689 ,2434 ,2337 ,2273 ,1859 ,1682 ,1497 ,1518 ,1418 ,1462 ,1610 ,1533 ,1459 ,1652 ,1606 ,1648 ,1444 ,1445 ,1467 ,1434 ,1501 ,1436 ,1414 ,1255 ,1232 ,1196 ,939 ,862 ,806 ,791 ,726 ,730 ,845 ,785 ,747 ,866 ,802 ,835 ,733 ,1354 ,1309 ,1251 ,1411 ,1317 ,1275 ,1179 ,1105 ,1077 ,920 ,820 ,691 ,727 ,692 ,732 ,765 ,748 ,712 ,786 ,804 ,813 ,711 
전남,구례군,362 ,341 ,382 ,303 ,331 ,277 ,257 ,300 ,263 ,231 ,187 ,180 ,151 ,171 ,162 ,184 ,170 ,170 ,155 ,158 ,136 ,139 ,192 ,167 ,199 ,153 ,170 ,124 ,131 ,174 ,137 ,123 ,104 ,100 ,76 ,91 ,83 ,98 ,97 ,87 ,80 ,75 ,59 ,70 ,170 ,174 ,183 ,150 ,161 ,153 ,126 ,126 ,126 ,108 ,83 ,80 ,75 ,80 ,79 ,86 ,73 ,83 ,75 ,83 ,77 ,69 
전남,나주시,1244 ,1226 ,1238 ,1189 ,1099 ,1137 ,1072 ,967 ,990 ,789 ,709 ,670 ,576 ,551 ,552 ,597 ,630 ,728 ,914 ,1006 ,1145 ,989 ,648 ,643 ,633 ,630 ,542 ,593 ,549 ,515 ,506 ,417 ,356 ,326 ,311 ,309 ,290 ,315 ,333 ,369 ,479 ,475 ,584 ,520 ,596 ,583 ,605 ,559 ,557 ,544 ,523 ,452 ,484 ,372 ,353 ,344 ,265 ,242 ,262 ,282 ,297 ,359 ,435 ,531 ,561 ,469 
전남,담양군,525 ,532 ,485 ,468 ,501 ,446 ,410 ,393 ,382 ,296 ,284 ,241 ,227 ,218 ,212 ,233 ,241 ,246 ,269 ,221 ,242 ,198 ,266 ,281 ,260 ,252 ,278 ,228 ,200 ,201 ,185 ,172 ,139 ,125 ,126 ,109 ,113 ,117 ,136 ,132 ,130 ,125 ,126 ,98 ,259 ,251 ,225 ,216 ,223 ,218 ,210 ,192 ,197 ,124 ,145 ,116 ,101 ,109 ,99 ,116 ,105 ,114 ,139 ,96 ,116 ,100 
전남,목포시,3996 ,3741 ,3819 ,3899 ,3929 ,3875 ,3730 ,3700 ,3740 ,3288 ,2901 ,2887 ,2736 ,2501 ,2638 ,2741 ,2631 ,2538 ,2756 ,2756 ,2762 ,2389 ,2007 ,1950 ,2018 ,2027 ,2008 ,1970 ,1942 ,1964 ,1944 ,1705 ,1516 ,1481 ,1421 ,1261 ,1350 ,1424 ,1358 ,1292 ,1430 ,1360 ,1389 ,1210 ,1989 ,1791 ,1801 ,1872 ,1921 ,1905 ,1788 ,1736 ,1796 ,1583 ,1385 ,1406 ,1315 ,1240 ,1288 ,1317 ,1273 ,1246 ,1326 ,1396 ,1373 ,1179 
전남,무안군,754 ,651 ,721 ,739 ,680 ,658 ,639 ,560 ,602 ,537 ,503 ,613 ,574 ,529 ,577 ,775 ,787 ,790 ,819 ,777 ,827 ,702 ,394 ,347 ,373 ,407 ,362 ,370 ,320 ,276 ,302 ,269 ,251 ,327 ,298 ,252 ,293 ,394 ,408 ,413 ,407 ,382 ,438 ,362 ,360 ,304 ,348 ,332 ,318 ,288 ,319 ,284 ,300 ,268 ,252 ,286 ,276 ,277 ,284 ,381 ,379 ,377 ,412 ,395 ,389 ,340 
전남,보성군,625 ,607 ,573 ,605 ,530 ,529 ,422 ,433 ,445 ,393 ,280 ,290 ,244 ,229 ,252 ,256 ,222 ,214 ,224 ,238 ,200 ,170 ,327 ,311 ,310 ,314 ,283 ,255 ,208 ,239 ,236 ,189 ,140 ,164 ,126 ,122 ,136 ,127 ,105 ,101 ,108 ,122 ,110 ,85 ,298 ,296 ,263 ,291 ,247 ,274 ,214 ,194 ,209 ,204 ,140 ,126 ,118 ,107 ,116 ,129 ,117 ,113 ,116 ,116 ,90 ,85 
전남,순천시,4650 ,4715 ,4610 ,4736 ,4631 ,4520 ,4155 ,4018 ,3947 ,3505 ,2994 ,2966 ,2832 ,2519 ,2593 ,2872 ,2710 ,2712 ,2761 ,2747 ,2857 ,2627 ,2492 ,2494 ,2471 ,2469 ,2443 ,2359 ,2162 ,2061 ,2096 ,1864 ,1626 ,1552 ,1440 ,1275 ,1314 ,1524 ,1400 ,1397 ,1474 ,1408 ,1467 ,1330 ,2158 ,2221 ,2139 ,2267 ,2188 ,2161 ,1993 ,1957 ,1851 ,1641 ,1368 ,1414 ,1392 ,1244 ,1279 ,1348 ,1310 ,1315 ,1287 ,1339 ,1390 ,1297 
전남,신안군,410 ,334 ,357 ,346 ,317 ,302 ,320 ,325 ,261 ,241 ,186 ,180 ,183 ,163 ,145 ,174 ,173 ,156 ,160 ,177 ,177 ,143 ,215 ,174 ,187 ,182 ,161 ,147 ,174 ,161 ,131 ,122 ,110 ,85 ,90 ,73 ,62 ,98 ,87 ,75 ,89 ,80 ,87 ,76 ,195 ,160 ,170 ,164 ,156 ,155 ,146 ,164 ,130 ,119 ,76 ,95 ,93 ,90 ,83 ,76 ,86 ,81 ,71 ,97 ,90 ,67 
전남,여수시,5325 ,4942 ,4685 ,4733 ,4559 ,4363 ,4125 ,3909 ,3889 ,3410 ,2937 ,2940 ,2771 ,2413 ,2482 ,2677 ,2485 ,2367 ,2477 ,2614 ,2486 ,2306 ,2754 ,2587 ,2456 ,2488 ,2359 ,2279 ,2121 ,2040 ,2050 ,1848 ,1516 ,1518 ,1469 ,1240 ,1276 ,1339 ,1292 ,1182 ,1287 ,1311 ,1209 ,1202 ,2571 ,2355 ,2229 ,2245 ,2200 ,2084 ,2004 ,1869 ,1839 ,1562 ,1421 ,1422 ,1302 ,1173 ,1206 ,1338 ,1193 ,1185 ,1190 ,1303 ,1277 ,1104 
전남,영광군,935 ,894 ,833 ,801 ,823 ,691 ,717 ,693 ,613 ,559 ,490 ,424 ,397 ,361 ,373 ,425 ,391 ,373 ,387 ,372 ,375 ,312 ,494 ,475 ,433 ,402 ,419 ,355 ,380 ,389 ,317 ,267 ,257 ,226 ,207 ,191 ,183 ,219 ,199 ,184 ,200 ,186 ,193 ,152 ,441 ,419 ,400 ,399 ,404 ,336 ,337 ,304 ,296 ,292 ,233 ,198 ,190 ,170 ,190 ,206 ,192 ,189 ,187 ,186 ,182 ,160 
전남,영암군,846 ,778 ,810 ,910 ,809 ,890 ,847 ,789 ,812 ,682 ,543 ,570 ,480 ,458 ,471 ,497 ,445 ,453 ,448 ,413 ,414 ,412 ,433 ,413 ,433 ,471 ,430 ,471 ,425 ,396 ,429 ,383 ,272 ,300 ,246 ,227 ,252 ,239 ,243 ,235 ,244 ,196 ,212 ,204 ,413 ,365 ,377 ,439 ,379 ,419 ,422 ,393 ,383 ,299 ,271 ,270 ,234 ,231 ,219 ,258 ,202 ,218 ,204 ,217 ,202 ,208 
전남,완도군,642 ,675 ,644 ,704 ,599 ,630 ,635 ,565 ,587 ,454 ,385 ,358 ,402 ,359 ,369 ,376 ,308 ,323 ,390 ,354 ,387 ,315 ,341 ,369 ,348 ,361 ,335 ,311 ,342 ,317 ,293 ,230 ,196 ,180 ,220 ,177 ,200 ,186 ,170 ,150 ,198 ,186 ,191 ,162 ,301 ,306 ,296 ,343 ,264 ,319 ,293 ,248 ,294 ,224 ,189 ,178 ,182 ,182 ,169 ,190 ,138 ,173 ,192 ,168 ,196 ,153 
전남,장성군,613 ,611 ,566 ,551 ,539 ,514 ,499 ,433 ,432 ,392 ,327 ,363 ,325 ,331 ,343 ,340 ,346 ,309 ,339 ,366 ,322 ,271 ,332 ,331 ,286 ,281 ,265 ,280 ,268 ,244 ,230 ,216 ,181 ,195 ,172 ,177 ,175 ,184 ,181 ,154 ,187 ,191 ,157 ,138 ,281 ,280 ,280 ,270 ,274 ,234 ,231 ,189 ,202 ,176 ,146 ,168 ,153 ,154 ,168 ,156 ,165 ,155 ,152 ,175 ,165 ,133 
전남,장흥군,560 ,576 ,561 ,529 ,522 ,518 ,486 ,414 ,405 ,396 ,333 ,300 ,275 ,268 ,246 ,258 ,240 ,243 ,230 ,233 ,245 ,221 ,278 ,308 ,304 ,267 ,273 ,258 ,259 ,209 ,207 ,197 ,178 ,146 ,149 ,135 ,147 ,133 ,116 ,129 ,110 ,129 ,128 ,100 ,282 ,268 ,257 ,262 ,249 ,260 ,227 ,205 ,198 ,199 ,155 ,154 ,126 ,133 ,99 ,125 ,124 ,114 ,120 ,104 ,117 ,121 
전남,진도군,379 ,361 ,334 ,359 ,351 ,334 ,372 ,367 ,326 ,299 ,259 ,229 ,210 ,197 ,201 ,241 ,183 ,208 ,185 ,202 ,199 ,171 ,198 ,187 ,160 ,198 ,182 ,188 ,196 ,187 ,179 ,160 ,135 ,102 ,104 ,110 ,111 ,113 ,99 ,108 ,102 ,89 ,105 ,93 ,181 ,174 ,174 ,161 ,169 ,146 ,176 ,180 ,147 ,139 ,124 ,127 ,106 ,87 ,90 ,128 ,84 ,100 ,83 ,113 ,94 ,78 
전남,함평군,384 ,390 ,385 ,422 ,343 ,347 ,343 ,323 ,282 ,257 ,223 ,209 ,204 ,167 ,165 ,192 ,162 ,166 ,167 ,164 ,162 ,152 ,201 ,206 ,206 ,235 ,164 ,164 ,180 ,184 ,141 ,139 ,123 ,106 ,110 ,84 ,77 ,97 ,87 ,94 ,87 ,89 ,87 ,78 ,183 ,184 ,179 ,187 ,179 ,183 ,163 ,139 ,141 ,118 ,100 ,103 ,94 ,83 ,88 ,95 ,75 ,72 ,80 ,75 ,75 ,74 
전남,해남군,1073 ,1009 ,982 ,1019 ,908 ,957 ,937 ,891 ,860 ,743 ,596 ,557 ,537 ,493 ,495 ,499 ,517 ,441 ,479 ,415 ,455 ,376 ,539 ,552 ,538 ,539 ,478 ,475 ,481 ,469 ,445 ,391 ,302 ,290 ,278 ,233 ,255 ,239 ,274 ,221 ,264 ,205 ,211 ,173 ,534 ,457 ,444 ,480 ,430 ,482 ,456 ,422 ,415 ,352 ,294 ,267 ,259 ,260 ,240 ,260 ,243 ,220 ,215 ,210 ,244 ,203 
전남,화순군,1008 ,1022 ,1086 ,1141 ,1113 ,1120 ,1026 ,995 ,1024 ,855 ,716 ,659 ,635 ,561 ,513 ,611 ,484 ,491 ,450 ,470 ,450 ,378 ,519 ,525 ,562 ,564 ,542 ,550 ,526 ,518 ,540 ,411 ,354 ,347 ,328 ,296 ,269 ,298 ,242 ,262 ,237 ,238 ,226 ,199 ,489 ,497 ,524 ,577 ,571 ,570 ,500 ,477 ,484 ,444 ,362 ,312 ,307 ,265 ,244 ,313 ,242 ,229 ,213 ,232 ,224 ,179 
경북,경산시,3743 ,3542 ,3514 ,3674 ,3425 ,3442 ,3231 ,3222 ,3256 ,2826 ,2407 ,2359 ,2320 ,2048 ,2128 ,2386 ,2156 ,2155 ,2164 ,2342 ,2437 ,2228 ,1993 ,1932 ,1882 ,1909 ,1799 ,1800 ,1680 ,1655 ,1703 ,1476 ,1323 ,1274 ,1193 ,1052 ,1139 ,1227 ,1132 ,1109 ,1102 ,1220 ,1241 ,1130 ,1750 ,1610 ,1632 ,1765 ,1626 ,1642 ,1551 ,1567 ,1553 ,1350 ,1084 ,1085 ,1127 ,996 ,989 ,1159 ,1024 ,1046 ,1062 ,1122 ,1196 ,1098 
경북,경주시,4172 ,4064 ,3989 ,3916 ,3757 ,3789 ,3426 ,3390 ,3365 ,2766 ,2379 ,2304 ,2130 ,1947 ,2046 ,2153 ,1973 ,1909 ,1946 ,1939 ,1984 ,1768 ,2229 ,2270 ,2187 ,2072 ,1969 ,1977 ,1802 ,1756 ,1761 ,1489 ,1249 ,1208 ,1134 ,1026 ,1061 ,1109 ,1007 ,990 ,992 ,993 ,1010 ,941 ,1943 ,1794 ,1802 ,1844 ,1788 ,1812 ,1624 ,1634 ,1604 ,1277 ,1130 ,1096 ,996 ,921 ,985 ,1044 ,966 ,919 ,954 ,946 ,974 ,827 
경북,고령군,428 ,409 ,378 ,379 ,364 ,378 ,364 ,341 ,321 ,279 ,233 ,209 ,205 ,193 ,230 ,247 ,230 ,213 ,191 ,160 ,188 ,153 ,249 ,216 ,201 ,192 ,179 ,184 ,199 ,175 ,173 ,143 ,112 ,106 ,117 ,115 ,112 ,128 ,131 ,114 ,99 ,76 ,100 ,76 ,179 ,193 ,177 ,187 ,185 ,194 ,165 ,166 ,148 ,136 ,121 ,103 ,88 ,78 ,118 ,119 ,99 ,99 ,92 ,84 ,88 ,77 
경북,구미시,6589 ,6607 ,6647 ,6634 ,6471 ,6638 ,6279 ,6479 ,6471 ,5726 ,4854 ,4998 ,4722 ,4463 ,4506 ,4962 ,4723 ,4405 ,4667 ,4998 ,5161 ,4552 ,3597 ,3641 ,3674 ,3598 ,3510 ,3517 ,3352 ,3423 ,3487 ,3029 ,2498 ,2687 ,2489 ,2284 ,2346 ,2582 ,2422 ,2311 ,2411 ,2616 ,2660 ,2362 ,2992 ,2966 ,2973 ,3036 ,2961 ,3121 ,2927 ,3056 ,2984 ,2697 ,2356 ,2311 ,2233 ,2179 ,2160 ,2380 ,2301 ,2094 ,2256 ,2382 ,2501 ,2190 
경북,군위군,278 ,227 ,200 ,202 ,201 ,208 ,186 ,148 ,143 ,110 ,111 ,77 ,68 ,77 ,77 ,80 ,93 ,70 ,78 ,79 ,87 ,66 ,161 ,113 ,114 ,112 ,102 ,102 ,96 ,89 ,84 ,58 ,61 ,43 ,36 ,42 ,37 ,43 ,52 ,39 ,38 ,43 ,50 ,44 ,117 ,114 ,86 ,90 ,99 ,106 ,90 ,59 ,59 ,52 ,50 ,34 ,32 ,35 ,40 ,37 ,41 ,31 ,40 ,36 ,37 ,22 
경북,김천시,1807 ,1800 ,1759 ,1763 ,1707 ,1674 ,1542 ,1566 ,1490 ,1257 ,1097 ,1026 ,1002 ,913 ,884 ,1028 ,1077 ,1021 ,1130 ,1131 ,1228 ,1118 ,964 ,1026 ,1016 ,939 ,879 ,891 ,831 ,871 ,763 ,651 ,604 ,547 ,513 ,452 ,503 ,538 ,577 ,528 ,568 ,605 ,630 ,602 ,843 ,774 ,743 ,824 ,828 ,783 ,711 ,695 ,727 ,606 ,493 ,479 ,489 ,461 ,381 ,490 ,500 ,493 ,562 ,526 ,598 ,516 
경북,문경시,888 ,819 ,852 ,822 ,816 ,804 ,777 ,756 ,740 ,649 ,574 ,518 ,485 ,485 ,464 ,507 ,484 ,456 ,464 ,513 ,486 ,415 ,470 ,451 ,469 ,452 ,441 ,454 ,434 ,408 ,396 ,366 ,301 ,283 ,259 ,256 ,257 ,279 ,256 ,249 ,238 ,278 ,256 ,223 ,418 ,368 ,383 ,370 ,375 ,350 ,343 ,348 ,344 ,283 ,273 ,235 ,226 ,229 ,207 ,228 ,228 ,207 ,226 ,235 ,230 ,192 
경북,봉화군,329 ,319 ,302 ,281 ,258 ,274 ,274 ,271 ,257 ,246 ,177 ,192 ,186 ,140 ,171 ,186 ,175 ,157 ,177 ,160 ,141 ,132 ,159 ,167 ,155 ,166 ,126 ,148 ,132 ,132 ,132 ,130 ,103 ,99 ,98 ,69 ,88 ,80 ,102 ,91 ,89 ,82 ,78 ,69 ,170 ,152 ,147 ,115 ,132 ,126 ,142 ,139 ,125 ,116 ,74 ,93 ,88 ,71 ,83 ,106 ,73 ,66 ,88 ,78 ,63 ,63 
경북,상주시,1186 ,1159 ,1145 ,1157 ,1129 ,1221 ,1046 ,1027 ,1018 ,830 ,721 ,696 ,634 ,650 ,619 ,703 ,712 ,658 ,637 ,609 ,606 ,564 ,628 ,602 ,638 ,617 ,588 ,647 ,566 ,526 ,578 ,417 ,415 ,359 ,336 ,329 ,331 ,379 ,372 ,339 ,348 ,305 ,320 ,288 ,558 ,557 ,507 ,540 ,541 ,574 ,480 ,501 ,440 ,413 ,306 ,337 ,298 ,321 ,288 ,324 ,340 ,319 ,289 ,304 ,286 ,276 
경북,성주군,600 ,570 ,535 ,461 ,500 ,469 ,410 ,381 ,366 ,310 ,240 ,227 ,214 ,196 ,207 ,203 ,207 ,218 ,178 ,192 ,193 ,162 ,342 ,319 ,289 ,260 ,276 ,231 ,231 ,192 ,205 ,165 ,128 ,131 ,141 ,100 ,118 ,107 ,114 ,126 ,84 ,92 ,94 ,80 ,258 ,251 ,246 ,201 ,224 ,238 ,179 ,189 ,161 ,145 ,112 ,96 ,73 ,96 ,89 ,96 ,93 ,92 ,94 ,100 ,99 ,82 
경북,안동시,2110 ,2099 ,1994 ,2081 ,1960 ,1985 ,1809 ,1849 ,1791 ,1609 ,1404 ,1370 ,1374 ,1267 ,1244 ,1391 ,1318 ,1302 ,1407 ,1473 ,1424 ,1315 ,1178 ,1195 ,1086 ,1130 ,1041 ,1035 ,980 ,967 ,918 ,836 ,761 ,700 ,718 ,669 ,635 ,726 ,674 ,665 ,743 ,776 ,759 ,686 ,932 ,904 ,908 ,951 ,919 ,950 ,829 ,882 ,873 ,773 ,643 ,670 ,656 ,598 ,609 ,665 ,644 ,637 ,664 ,697 ,665 ,629 
경북,영덕군,440 ,452 ,398 ,416 ,400 ,401 ,362 ,363 ,339 ,266 ,259 ,245 ,212 ,200 ,205 ,216 ,168 ,191 ,203 ,186 ,174 ,169 ,236 ,242 ,224 ,232 ,220 ,203 ,184 ,170 ,174 ,142 ,139 ,125 ,109 ,99 ,99 ,118 ,86 ,98 ,106 ,94 ,87 ,88 ,204 ,210 ,174 ,184 ,180 ,198 ,178 ,193 ,165 ,124 ,120 ,120 ,103 ,101 ,106 ,98 ,82 ,93 ,97 ,92 ,87 ,81 
경북,영양군,204 ,158 ,165 ,164 ,160 ,151 ,142 ,124 ,144 ,113 ,109 ,104 ,75 ,95 ,87 ,107 ,105 ,81 ,93 ,71 ,70 ,77 ,108 ,85 ,91 ,95 ,82 ,85 ,83 ,70 ,73 ,53 ,51 ,52 ,34 ,51 ,45 ,56 ,54 ,45 ,46 ,45 ,42 ,46 ,96 ,73 ,74 ,69 ,78 ,66 ,59 ,54 ,71 ,60 ,58 ,52 ,41 ,44 ,42 ,51 ,51 ,36 ,47 ,26 ,28 ,31 
경북,영주시,1522 ,1520 ,1445 ,1471 ,1510 ,1484 ,1377 ,1241 ,1274 ,1132 ,973 ,937 ,874 ,836 ,826 ,840 ,816 ,787 ,830 ,809 ,845 ,666 ,823 ,815 ,813 ,793 ,807 ,767 ,729 ,665 ,685 ,579 ,516 ,471 ,463 ,461 ,440 ,419 ,402 ,396 ,427 ,403 ,445 ,333 ,699 ,705 ,632 ,678 ,703 ,717 ,648 ,576 ,589 ,553 ,457 ,466 ,411 ,375 ,386 ,421 ,414 ,391 ,403 ,406 ,400 ,333 
경북,영천시,1446 ,1442 ,1371 ,1419 ,1237 ,1217 ,1137 ,1046 ,999 ,868 ,651 ,728 ,648 ,579 ,568 ,644 ,578 ,577 ,615 ,552 ,610 ,542 ,789 ,809 ,747 ,738 ,659 ,634 ,575 ,556 ,546 ,476 ,357 ,393 ,352 ,279 ,292 ,348 ,313 ,325 ,324 ,274 ,291 ,271 ,657 ,633 ,624 ,681 ,578 ,583 ,562 ,490 ,453 ,392 ,294 ,335 ,296 ,300 ,276 ,296 ,265 ,252 ,291 ,278 ,319 ,271 
경북,예천군,446 ,458 ,482 ,393 ,427 ,369 ,334 ,344 ,339 ,316 ,255 ,233 ,232 ,211 ,253 ,248 ,243 ,243 ,208 ,219 ,367 ,394 ,244 ,246 ,272 ,226 ,234 ,182 ,170 ,184 ,180 ,173 ,151 ,124 ,129 ,104 ,139 ,141 ,144 ,138 ,108 ,108 ,210 ,204 ,202 ,212 ,210 ,167 ,193 ,187 ,164 ,160 ,159 ,143 ,104 ,109 ,103 ,107 ,114 ,107 ,99 ,105 ,100 ,111 ,157 ,190 
경북,울릉군,124 ,107 ,101 ,106 ,72 ,119 ,76 ,70 ,90 ,71 ,47 ,58 ,48 ,57 ,51 ,54 ,57 ,41 ,40 ,50 ,50 ,50 ,73 ,63 ,59 ,57 ,40 ,71 ,39 ,37 ,39 ,43 ,22 ,31 ,29 ,27 ,25 ,19 ,32 ,21 ,22 ,29 ,20 ,22 ,51 ,44 ,42 ,49 ,32 ,48 ,37 ,33 ,51 ,28 ,25 ,27 ,19 ,30 ,26 ,35 ,25 ,20 ,18 ,21 ,30 ,28 
경북,울진군,767 ,775 ,817 ,829 ,719 ,753 ,688 ,580 ,574 ,495 ,457 ,396 ,413 ,397 ,362 ,400 ,368 ,332 ,335 ,343 ,330 ,299 ,388 ,390 ,452 ,472 ,376 ,398 ,338 ,295 ,343 ,276 ,232 ,186 ,205 ,191 ,196 ,220 ,189 ,169 ,181 ,166 ,185 ,148 ,379 ,385 ,365 ,357 ,343 ,355 ,350 ,285 ,231 ,219 ,225 ,210 ,208 ,206 ,166 ,180 ,179 ,163 ,154 ,177 ,145 ,151 
경북,의성군,563 ,623 ,513 ,477 ,464 ,469 ,411 ,404 ,358 ,282 ,257 ,231 ,223 ,214 ,217 ,225 ,220 ,193 ,192 ,183 ,177 ,162 ,320 ,340 ,285 ,244 ,237 ,262 ,201 ,205 ,177 ,140 ,135 ,123 ,123 ,115 ,110 ,105 ,135 ,95 ,104 ,88 ,90 ,83 ,243 ,283 ,228 ,233 ,227 ,207 ,210 ,199 ,181 ,142 ,122 ,108 ,100 ,99 ,107 ,120 ,85 ,98 ,88 ,95 ,87 ,79 
경북,청도군,392 ,412 ,352 ,364 ,333 ,339 ,317 ,306 ,284 ,244 ,229 ,181 ,198 ,163 ,184 ,216 ,176 ,175 ,182 ,174 ,183 ,145 ,224 ,234 ,192 ,193 ,183 ,169 ,155 ,180 ,132 ,121 ,121 ,90 ,110 ,80 ,98 ,102 ,92 ,82 ,97 ,83 ,98 ,74 ,168 ,178 ,160 ,171 ,150 ,170 ,162 ,126 ,152 ,123 ,108 ,91 ,88 ,83 ,86 ,114 ,84 ,93 ,85 ,91 ,85 ,71 
경북,청송군,348 ,360 ,327 ,378 ,306 ,274 ,255 ,242 ,195 ,193 ,130 ,151 ,121 ,120 ,118 ,125 ,123 ,106 ,98 ,116 ,115 ,104 ,197 ,214 ,173 ,192 ,155 ,135 ,131 ,133 ,103 ,103 ,70 ,85 ,61 ,62 ,58 ,63 ,74 ,49 ,50 ,64 ,59 ,45 ,151 ,146 ,154 ,186 ,151 ,139 ,124 ,109 ,92 ,90 ,60 ,66 ,60 ,58 ,60 ,62 ,49 ,57 ,48 ,52 ,56 ,59 
경북,칠곡군,1537 ,1538 ,1502 ,1608 ,1652 ,1582 ,1474 ,1543 ,1487 ,1413 ,1220 ,1282 ,1207 ,1153 ,1214 ,1316 ,1235 ,1212 ,1223 ,1206 ,1244 ,1123 ,799 ,836 ,751 ,852 ,910 ,842 ,809 ,823 ,800 ,727 ,670 ,655 ,666 ,616 ,633 ,709 ,635 ,623 ,651 ,591 ,649 ,600 ,738 ,702 ,751 ,756 ,742 ,740 ,665 ,720 ,687 ,686 ,550 ,627 ,541 ,537 ,581 ,607 ,600 ,589 ,572 ,615 ,595 ,523 
경북,포항시,7956 ,7561 ,7422 ,7431 ,7059 ,6930 ,6243 ,6342 ,6172 ,5364 ,4508 ,4670 ,4461 ,4263 ,4337 ,4684 ,4423 ,4355 ,4712 ,4691 ,4866 ,4488 ,4448 ,4212 ,4093 ,4064 ,3778 ,3657 ,3239 ,3414 ,3270 ,2848 ,2382 ,2451 ,2357 ,2245 ,2271 ,2428 ,2262 ,2275 ,2432 ,2485 ,2559 ,2298 ,3508 ,3349 ,3329 ,3367 ,3281 ,3273 ,3004 ,2928 ,2902 ,2516 ,2126 ,2219 ,2104 ,2018 ,2066 ,2256 ,2161 ,2080 ,2280 ,2206 ,2307 ,2190 
경남,거제시,2896 ,2846 ,2916 ,3140 ,3160 ,3260 ,3315 ,3291 ,3396 ,3075 ,2728 ,2755 ,2706 ,2467 ,2643 ,3060 ,3028 ,3054 ,3305 ,3396 ,3412 ,3038 ,1546 ,1522 ,1565 ,1632 ,1716 ,1708 ,1693 ,1678 ,1820 ,1600 ,1474 ,1388 ,1429 ,1272 ,1349 ,1594 ,1546 ,1595 ,1674 ,1731 ,1791 ,1573 ,1350 ,1324 ,1351 ,1508 ,1444 ,1552 ,1622 ,1613 ,1576 ,1475 ,1254 ,1367 ,1277 ,1195 ,1294 ,1466 ,1482 ,1459 ,1631 ,1665 ,1621 ,1465 
경남,거창군,810 ,832 ,772 ,816 ,717 ,804 ,760 ,705 ,697 ,565 ,520 ,473 ,484 ,453 ,428 ,495 ,483 ,490 ,454 ,519 ,482 ,427 ,451 ,436 ,411 ,461 ,388 ,420 ,411 ,396 ,358 ,295 ,264 ,280 ,249 ,239 ,216 ,246 ,252 ,260 ,240 ,269 ,255 ,219 ,359 ,396 ,361 ,355 ,329 ,384 ,349 ,309 ,339 ,270 ,256 ,193 ,235 ,214 ,212 ,249 ,231 ,230 ,214 ,250 ,227 ,208 
경남,고성군,644 ,660 ,614 ,634 ,599 ,539 ,511 ,513 ,456 ,406 ,336 ,356 ,339 ,333 ,374 ,382 ,397 ,364 ,397 ,368 ,382 ,309 ,363 ,347 ,335 ,343 ,331 ,292 ,262 ,299 ,235 ,220 ,180 ,176 ,165 ,155 ,193 ,210 ,207 ,187 ,214 ,194 ,197 ,142 ,281 ,313 ,279 ,291 ,268 ,247 ,249 ,214 ,221 ,186 ,156 ,180 ,174 ,178 ,181 ,172 ,190 ,177 ,183 ,174 ,185 ,167 
경남,김해시,6648 ,6711 ,6849 ,6967 ,7427 ,7583 ,7687 ,7755 ,7809 ,6995 ,6162 ,6399 ,6059 ,5594 ,5830 ,6507 ,6072 ,5671 ,5886 ,5838 ,6171 ,5602 ,3580 ,3622 ,3667 ,3703 ,3883 ,3930 ,4062 ,4043 ,4130 ,3660 ,3238 ,3400 ,3190 ,2977 ,3015 ,3312 ,3127 ,2930 ,3038 ,2909 ,3071 ,2829 ,3068 ,3089 ,3182 ,3264 ,3544 ,3653 ,3625 ,3712 ,3679 ,3335 ,2924 ,2999 ,2869 ,2617 ,2815 ,3195 ,2945 ,2741 ,2848 ,2929 ,3100 ,2773 
경남,남해군,483 ,543 ,518 ,512 ,521 ,459 ,471 ,389 ,394 ,324 ,296 ,259 ,244 ,218 ,218 ,245 ,237 ,226 ,221 ,197 ,183 ,152 ,253 ,305 ,272 ,282 ,285 ,241 ,264 ,209 ,232 ,163 ,183 ,128 ,129 ,118 ,120 ,121 ,131 ,132 ,114 ,119 ,91 ,71 ,230 ,238 ,246 ,230 ,236 ,218 ,207 ,180 ,162 ,161 ,113 ,131 ,115 ,100 ,98 ,124 ,106 ,94 ,107 ,78 ,92 ,81 
경남,마산시,6088 ,5804 ,5746 ,5789 ,5665 ,5513 ,5160 ,4858 ,4733 ,4050 ,3452 ,3481 ,0 ,0 ,0 ,0 ,0 ,0 ,0 ,0 ,0 ,0 ,3269 ,3118 ,3097 ,3080 ,3066 ,2879 ,2747 ,2548 ,2553 ,2128 ,1774 ,1875 ,0 ,0 ,0 ,0 ,0 ,0 ,0 ,0 ,0 ,0 ,2819 ,2686 ,2649 ,2709 ,2599 ,2634 ,2413 ,2310 ,2180 ,1922 ,1678 ,1606 ,0 ,0 ,0 ,0 ,0 ,0 ,0 ,0 ,0 ,0 
경남,밀양시,1571 ,1532 ,1480 ,1340 ,1298 ,1228 ,1173 ,1159 ,1135 ,956 ,762 ,774 ,728 ,681 ,667 ,782 ,739 ,635 ,692 ,648 ,673 ,607 ,844 ,866 ,813 ,746 ,714 ,629 ,627 ,585 ,605 ,526 ,426 ,394 ,391 ,348 ,344 ,402 ,364 ,330 ,359 ,333 ,359 ,298 ,727 ,666 ,667 ,594 ,584 ,599 ,546 ,574 ,530 ,430 ,336 ,380 ,337 ,333 ,323 ,380 ,375 ,305 ,333 ,315 ,314 ,309 
경남,사천시,1522 ,1531 ,1546 ,1557 ,1486 ,1533 ,1432 ,1359 ,1404 ,1266 ,1041 ,1083 ,1052 ,972 ,1065 ,1172 ,1166 ,1121 ,1167 ,1061 ,1068 ,904 ,824 ,833 ,854 ,849 ,794 ,815 ,782 ,718 ,775 ,654 ,526 ,564 ,555 ,497 ,555 ,587 ,602 ,546 ,619 ,554 ,551 ,481 ,698 ,698 ,692 ,708 ,692 ,718 ,650 ,641 ,629 ,612 ,515 ,519 ,497 ,475 ,510 ,585 ,564 ,575 ,548 ,507 ,517 ,423 
경남,산청군,350 ,317 ,386 ,337 ,322 ,314 ,288 ,281 ,283 ,232 ,204 ,187 ,184 ,181 ,181 ,215 ,175 ,159 ,194 ,149 ,159 ,139 ,189 ,177 ,227 ,186 ,165 ,158 ,160 ,154 ,135 ,126 ,111 ,98 ,99 ,86 ,92 ,110 ,107 ,77 ,108 ,88 ,90 ,77 ,161 ,140 ,159 ,151 ,157 ,156 ,128 ,127 ,148 ,106 ,93 ,89 ,85 ,95 ,89 ,105 ,68 ,82 ,86 ,61 ,69 ,62 
경남,양산시,3736 ,3717 ,3745 ,3856 ,3789 ,3397 ,3473 ,3531 ,3476 ,3285 ,2864 ,2902 ,2830 ,2683 ,2741 ,3194 ,3213 ,3092 ,3559 ,3935 ,4026 ,3713 ,1942 ,2009 ,2021 ,2104 ,2020 ,1810 ,1836 ,1808 ,1840 ,1706 ,1481 ,1539 ,1462 ,1385 ,1394 ,1612 ,1671 ,1584 ,1800 ,1987 ,2088 ,1862 ,1794 ,1708 ,1724 ,1752 ,1769 ,1587 ,1637 ,1723 ,1636 ,1579 ,1383 ,1363 ,1368 ,1298 ,1347 ,1582 ,1542 ,1508 ,1759 ,1948 ,1938 ,1851 
경남,의령군,299 ,283 ,305 ,287 ,280 ,239 ,237 ,227 ,221 ,202 ,156 ,156 ,161 ,130 ,129 ,142 ,131 ,143 ,127 ,120 ,129 ,96 ,162 ,144 ,167 ,169 ,144 ,133 ,121 ,122 ,106 ,109 ,77 ,93 ,85 ,70 ,66 ,69 ,65 ,80 ,66 ,54 ,79 ,52 ,137 ,139 ,138 ,118 ,136 ,106 ,116 ,105 ,115 ,93 ,79 ,63 ,76 ,60 ,63 ,73 ,66 ,63 ,61 ,66 ,50 ,44 
경남,진주시,4912 ,4987 ,5006 ,4976 ,4762 ,4873 ,4494 ,4149 ,4261 ,3671 ,3336 ,3296 ,3165 ,2845 ,3054 ,3364 ,3261 ,3086 ,3352 ,3368 ,3444 ,3121 ,2699 ,2773 ,2744 ,2690 ,2610 ,2466 ,2413 ,2185 ,2261 ,1993 ,1825 ,1769 ,1765 ,1478 ,1594 ,1716 ,1679 ,1650 ,1776 ,1789 ,1791 ,1670 ,2213 ,2214 ,2262 ,2286 ,2152 ,2407 ,2081 ,1964 ,2000 ,1678 ,1511 ,1527 ,1400 ,1367 ,1460 ,1648 ,1582 ,1436 ,1576 ,1579 ,1653 ,1451 
경남,진해시,2007 ,1990 ,1866 ,1948 ,2095 ,2214 ,2096 ,2388 ,2498 ,2295 ,2047 ,2224 ,0 ,0 ,0 ,0 ,0 ,0 ,0 ,0 ,0 ,0 ,1064 ,1095 ,1009 ,1062 ,1121 ,1158 ,1082 ,1225 ,1253 ,1184 ,1080 ,1190 ,0 ,0 ,0 ,0 ,0 ,0 ,0 ,0 ,0 ,0 ,943 ,895 ,857 ,886 ,974 ,1056 ,1014 ,1163 ,1245 ,1111 ,967 ,1034 ,0 ,0 ,0 ,0 ,0 ,0 ,0 ,0 ,0 ,0 
경남,창녕군,794 ,785 ,759 ,730 ,685 ,629 ,631 ,619 ,542 ,475 ,395 ,345 ,331 ,322 ,369 ,399 ,379 ,355 ,382 ,391 ,392 ,354 ,416 ,411 ,412 ,388 ,384 ,306 ,331 ,335 ,250 ,245 ,200 ,168 ,192 ,171 ,197 ,220 ,201 ,192 ,203 ,200 ,186 ,193 ,378 ,374 ,347 ,342 ,301 ,323 ,300 ,284 ,292 ,230 ,195 ,177 ,139 ,151 ,172 ,179 ,178 ,163 ,179 ,191 ,206 ,161 
경남,창원시,10677 ,10386 ,10088 ,10038 ,9284 ,8432 ,7845 ,7209 ,7072 ,6029 ,4927 ,4988 ,10242 ,9355 ,9634 ,10639 ,9797 ,9422 ,9706 ,10097 ,10419 ,9365 ,5839 ,5618 ,5464 ,5471 ,5038 ,4506 ,4099 ,3834 ,3810 ,3203 ,2621 ,2665 ,5418 ,4882 ,5042 ,5518 ,5002 ,4871 ,5050 ,5196 ,5406 ,4872 ,4838 ,4768 ,4624 ,4567 ,4246 ,3926 ,3746 ,3375 ,3262 ,2826 ,2306 ,2323 ,4824 ,4473 ,4592 ,5121 ,4795 ,4551 ,4656 ,4901 ,5013 ,4493 
경남,통영시,1766 ,1741 ,1577 ,1602 ,1671 ,1557 ,1664 ,1567 ,1611 ,1484 ,1312 ,1290 ,1279 ,1235 ,1254 ,1483 ,1439 ,1411 ,1522 ,1455 ,1427 ,1103 ,918 ,893 ,842 ,851 ,899 ,805 ,848 ,821 ,870 ,761 ,692 ,680 ,684 ,651 ,637 ,754 ,714 ,756 ,789 ,732 ,742 ,569 ,848 ,848 ,735 ,751 ,772 ,752 ,816 ,746 ,741 ,723 ,620 ,610 ,595 ,584 ,617 ,729 ,725 ,655 ,733 ,723 ,685 ,534 
경남,하동군,614 ,649 ,549 ,586 ,579 ,574 ,562 ,468 ,448 ,422 ,289 ,304 ,281 ,294 ,261 ,296 ,268 ,217 ,266 ,226 ,214 ,171 ,311 ,342 ,302 ,335 ,315 ,299 ,290 ,261 ,241 ,243 ,150 ,169 ,151 ,158 ,130 ,163 ,138 ,91 ,150 ,131 ,113 ,96 ,303 ,307 ,247 ,251 ,264 ,275 ,272 ,207 ,207 ,179 ,139 ,135 ,130 ,136 ,131 ,133 ,130 ,126 ,116 ,95 ,101 ,75 
경남,함안군,837 ,858 ,792 ,789 ,769 ,770 ,677 ,641 ,665 ,617 ,565 ,599 ,543 ,554 ,547 ,630 ,686 ,646 ,628 ,598 ,592 ,502 ,460 ,456 ,424 ,437 ,424 ,396 ,370 ,329 ,345 ,329 ,309 ,325 ,295 ,306 ,293 ,325 ,360 ,329 ,337 ,290 ,304 ,245 ,377 ,402 ,368 ,352 ,345 ,374 ,307 ,312 ,320 ,288 ,256 ,274 ,248 ,248 ,254 ,305 ,326 ,317 ,291 ,308 ,288 ,257 
경남,함양군,433 ,447 ,484 ,440 ,416 ,411 ,388 ,377 ,398 ,346 ,274 ,267 ,270 ,266 ,283 ,283 ,283 ,241 ,253 ,191 ,222 ,216 ,223 ,239 ,252 ,228 ,224 ,226 ,203 ,187 ,190 ,187 ,143 ,127 ,148 ,136 ,149 ,155 ,143 ,115 ,142 ,93 ,132 ,105 ,210 ,208 ,232 ,212 ,192 ,185 ,185 ,190 ,208 ,159 ,131 ,140 ,122 ,130 ,134 ,128 ,140 ,126 ,111 ,98 ,90 ,111 
경남,합천군,481 ,526 ,488 ,522 ,511 ,484 ,495 ,430 ,369 ,316 ,270 ,258 ,244 ,214 ,205 ,273 ,226 ,210 ,165 ,212 ,177 ,183 ,246 ,289 ,276 ,278 ,268 ,251 ,252 ,223 ,193 ,176 ,149 ,142 ,112 ,105 ,107 ,146 ,120 ,101 ,85 ,109 ,97 ,95 ,235 ,237 ,212 ,244 ,243 ,233 ,243 ,207 ,176 ,140 ,121 ,116 ,132 ,109 ,98 ,127 ,106 ,109 ,80 ,103 ,80 ,88 
제주,남제주군,1013 ,1042 ,1038 ,976 ,920 ,941 ,821 ,746 ,0 ,0 ,0 ,0 ,0 ,0 ,0 ,0 ,0 ,0 ,0 ,0 ,0 ,0 ,526 ,556 ,529 ,501 ,489 ,499 ,408 ,369 ,0 ,0 ,0 ,0 ,0 ,0 ,0 ,0 ,0 ,0 ,0 ,0 ,0 ,0 ,487 ,486 ,509 ,475 ,431 ,442 ,413 ,377 ,0 ,0 ,0 ,0 ,0 ,0 ,0 ,0 ,0 ,0 ,0 ,0 ,0 ,0 
제주,북제주군,1278 ,1357 ,1246 ,1232 ,1185 ,1176 ,1080 ,1007 ,0 ,0 ,0 ,0 ,0 ,0 ,0 ,0 ,0 ,0 ,0 ,0 ,0 ,0 ,657 ,708 ,666 ,612 ,617 ,608 ,599 ,529 ,0 ,0 ,0 ,0 ,0 ,0 ,0 ,0 ,0 ,0 ,0 ,0 ,0 ,0 ,621 ,649 ,580 ,620 ,568 ,568 ,481 ,478 ,0 ,0 ,0 ,0 ,0 ,0 ,0 ,0 ,0 ,0 ,0 ,0 ,0 ,0 
제주,서귀포시,1312 ,1296 ,1349 ,1320 ,1234 ,1236 ,1149 ,1172 ,1954 ,1707 ,1479 ,1382 ,1385 ,1289 ,1314 ,1431 ,1407 ,1412 ,1515 ,1618 ,1624 ,1437 ,687 ,664 ,721 ,682 ,620 ,649 ,582 ,606 ,968 ,887 ,779 ,729 ,763 ,706 ,703 ,720 ,723 ,708 ,769 ,882 ,828 ,706 ,625 ,632 ,628 ,638 ,614 ,587 ,567 ,566 ,986 ,820 ,700 ,653 ,622 ,583 ,611 ,711 ,684 ,704 ,746 ,736 ,796 ,731 
제주,제주시,5032 ,4998 ,5144 ,5282 ,5237 ,5255 ,5098 ,5037 ,6264 ,5602 ,4834 ,5083 ,4633 ,4458 ,4623 ,5147 ,4796 ,4774 ,5048 ,5182 ,5533 ,4989 ,2712 ,2602 ,2692 ,2798 ,2794 ,2794 ,2645 ,2664 ,3265 ,2966 ,2651 ,2663 ,2438 ,2348 ,2403 ,2655 ,2467 ,2502 ,2629 ,2667 ,2821 ,2567 ,2320 ,2396 ,2452 ,2484 ,2443 ,2461 ,2453 ,2373 ,2999 ,2636 ,2183 ,2420 ,2195 ,2110 ,2220 ,2492 ,2329 ,2272 ,2419 ,2515 ,2712 ,2422 
